Protocollo;Gruppo;DataOraIncidente;Localizzazione1;STRADA1;Localizzazione2;STRADA2;Strada02;Chilometrica;DaSpecificare;NaturaIncidente;particolaritastrade;TipoStrada;FondoStradale;Pavimentazione;Segnaletica;CondizioneAtmosferica;Traffico;Visibilita;Illuminazione;NUM_FERITI;NUM_RISERVATA;NUM_MORTI;NUM_ILLESI;Longitudine;Latitudine;Confermato;Progressivo;TipoVeicolo;StatoVeicolo;TipoPersona;Sesso;Tipolesione;Deceduto;DecedutoDopo;CinturaCascoUtilizzato;Airbag
1854179;12;01/11/2010 11:45;Strada Urbana;VIA CRISTOFORO COLOMBO;da specificare;;;;alt. sottovia  Marconi;Veicolo in marcia contro ostacolo fisso;Rettilineo;Più di due carreggiate;Bagnato (pioggia);Asfaltata;Verticale ed orizzontale;Pioggia in atto;Scarso;Sufficiente;Ore Diurne;2;0;0;1;;;-1;1;Autovettura privata;In marcia / fermata / arresto;Passeggero;F;Rimandato;0;NON DECEDUTO;Utilizzato;Inesploso
1854179;12;01/11/2010 11:45;Strada Urbana;VIA CRISTOFORO COLOMBO;da specificare;;;;alt. sottovia  Marconi;Veicolo in marcia contro ostacolo fisso;Rettilineo;Più di due carreggiate;Bagnato (pioggia);Asfaltata;Verticale ed orizzontale;Pioggia in atto;Scarso;Sufficiente;Ore Diurne;2;0;0;1;;;-1;2;Autovettura pubblica;In marcia / fermata / arresto;Conducente;M;Illeso;0;;Utilizzato;Inesistente
1854180;12;01/11/2010 15:30;Strada Urbana;VIA DI TRIGORIA;da specificare;;;;prox. civ. 187;Fuoriuscita dalla sede stradale;Curva a visuale libera;Una carreggiata a doppio senso;Bagnato (pioggia);Asfaltata;Verticale ed orizzontale;Pioggia in atto;Normale;Buona;Ore Diurne;3;0;0;0;;;-1;1;Autovettura privata;In marcia / fermata / arresto;Conducente;F;Rimandato;0;NON DECEDUTO;Utilizzato;Inesistente
1854180;12;01/11/2010 15:30;Strada Urbana;VIA DI TRIGORIA;da specificare;;;;prox. civ. 187;Fuoriuscita dalla sede stradale;Curva a visuale libera;Una carreggiata a doppio senso;Bagnato (pioggia);Asfaltata;Verticale ed orizzontale;Pioggia in atto;Normale;Buona;Ore Diurne;3;0;0;0;;;-1;1;Autovettura privata;In marcia / fermata / arresto;Passeggero;M;Rimandato;0;NON DECEDUTO;Utilizzato;Inesistente
1854180;12;01/11/2010 15:30;Strada Urbana;VIA DI TRIGORIA;da specificare;;;;prox. civ. 187;Fuoriuscita dalla sede stradale;Curva a visuale libera;Una carreggiata a doppio senso;Bagnato (pioggia);Asfaltata;Verticale ed orizzontale;Pioggia in atto;Normale;Buona;Ore Diurne;3;0;0;0;;;-1;1;Autovettura privata;In marcia / fermata / arresto;Passeggero;F;Rimandato;0;NON DECEDUTO;Utilizzato;Inesistente
1854181;12;01/11/2010 16:00;Strada Urbana;VIA CRISTOFORO COLOMBO;da specificare;;;;carragg.   centrale  alt.  Sheraton;Fuoriuscita dalla sede stradale;Curva a visuale libera;Più di due carreggiate;Bagnato (pioggia);Asfaltata;Verticale ed orizzontale;Pioggia in atto;Normale;Buona;Ore Diurne;0;0;0;1;;;-1;1;Autovettura privata;In marcia / fermata / arresto;Conducente;F;Illeso;0;;Utilizzato;Inesploso
1854182;12;01/11/2010 16:00;Strada Urbana;VIA CRISTOFORO COLOMBO;da specificare;;;;alt. svinc. Hotel Sheraton;Veicolo in marcia contro ostacolo fisso;Curva a visuale libera;Più di due carreggiate;Bagnato (pioggia);Asfaltata;Verticale ed orizzontale;Pioggia in atto;Normale;Buona;Ore Diurne;0;0;0;1;;;-1;1;Autovettura privata;In marcia / fermata / arresto;Conducente;F;Illeso;0;;Utilizzato;Inesploso
1854183;12;01/11/2010 19:20;Strada Urbana;VIA CRISTOFORO COLOMBO;da specificare;;;;direzione GRA, altezza  Via Libano civ. 44;Fuoriuscita dalla sede stradale;Curva a visuale libera;Due carreggiate;Bagnato (pioggia);Asfaltata;Verticale ed orizzontale;Pioggia in atto;Normale;Buona;Sufficiente;1;0;0;0;;;-1;1;Autovettura privata;In marcia / fermata / arresto;Conducente;M;Rimandato;0;NON DECEDUTO;Utilizzato;Inesploso
1854184;12;01/11/2010 20:15;Strada Urbana;VIA CRISTOFORO COLOMBO;da specificare;;;;carr. centrale dir. GRA alt. viadotto Magliana;Fuoriuscita dalla sede stradale;Curva a visuale libera;Più di due carreggiate;Bagnato (pioggia);Asfaltata;Verticale ed orizzontale;Pioggia in atto;Intenso;Sufficiente;Sufficiente;0;0;0;1;;;-1;1;Autovettura privata;In marcia / fermata / arresto;Conducente;M;Illeso;0;;Utilizzato;Inesistente
1854185;12;02/11/2010 06:35;Strada Urbana;VIA CRISTOFORO COLOMBO;da specificare;;;;dir. Roma centro prossimità v. Laurentina;Scontro laterale fra veicoli in marcia;Rettilineo;Più di due carreggiate;Bagnato (pioggia);Asfaltata;Orizzontale;Pioggia in atto;Normale;Buona;Ore Diurne;1;0;0;1;;;-1;1;Autocarro inferiore 35 q.;In marcia / fermata / arresto;Conducente;M;Rimandato;0;NON DECEDUTO;Utilizzato;Inesistente
1854185;12;02/11/2010 06:35;Strada Urbana;VIA CRISTOFORO COLOMBO;da specificare;;;;dir. Roma centro prossimità v. Laurentina;Scontro laterale fra veicoli in marcia;Rettilineo;Più di due carreggiate;Bagnato (pioggia);Asfaltata;Orizzontale;Pioggia in atto;Normale;Buona;Ore Diurne;1;0;0;1;;;-1;2;Autocarro inferiore 35 q.;In marcia / fermata / arresto;Conducente;M;Illeso;0;;Utilizzato;Inesistente
1854186;12;02/11/2010 16:00;Strada Urbana;VIA DELLA CECCHIGNOLA;all'intersezione semaforizzata con;VIA GIOVANNI KOBLER;VIA GIOVANNI KOBLER;;;Scontro frontale/laterale SX fra veicoli in marcia;Intersezione semaforizzata;Una carreggiata a doppio senso;Asciutto;Asfaltata;Verticale ed orizzontale;Nuvoloso;Normale;Buona;Ore Diurne;0;0;0;3;;;-1;1;Autovettura privata;In marcia / fermata / arresto;Conducente;F;Illeso;0;;Utilizzato;Inesploso
1854186;12;02/11/2010 16:00;Strada Urbana;VIA DELLA CECCHIGNOLA;all'intersezione semaforizzata con;VIA GIOVANNI KOBLER;VIA GIOVANNI KOBLER;;;Scontro frontale/laterale SX fra veicoli in marcia;Intersezione semaforizzata;Una carreggiata a doppio senso;Asciutto;Asfaltata;Verticale ed orizzontale;Nuvoloso;Normale;Buona;Ore Diurne;0;0;0;3;;;-1;2;Autovettura privata;In marcia / fermata / arresto;Conducente;F;Illeso;0;;Utilizzato;Inesploso
1854186;12;02/11/2010 16:00;Strada Urbana;VIA DELLA CECCHIGNOLA;all'intersezione semaforizzata con;VIA GIOVANNI KOBLER;VIA GIOVANNI KOBLER;;;Scontro frontale/laterale SX fra veicoli in marcia;Intersezione semaforizzata;Una carreggiata a doppio senso;Asciutto;Asfaltata;Verticale ed orizzontale;Nuvoloso;Normale;Buona;Ore Diurne;0;0;0;3;;;-1;2;Autovettura privata;In marcia / fermata / arresto;Passeggero;M;Illeso;0;;Utilizzato;Inesistente
1854187;12;02/11/2010 16:40;Strada Urbana;VIA CRISTOFORO COLOMBO;all'intersezione con;PIAZZALE DELLE NAZIONI UNITE;PIAZZALE DELLE NAZIONI UNITE;;;Scontro laterale fra veicoli in marcia;Incrocio;Più di due carreggiate;Asciutto;Asfaltata;Verticale ed orizzontale;Sereno;Normale;Buona;Ore Diurne;1;0;0;1;;;-1;1;Autovettura privata;In marcia / fermata / arresto;Conducente;M;Illeso;0;;Utilizzato;Inesploso
1854187;12;02/11/2010 16:40;Strada Urbana;VIA CRISTOFORO COLOMBO;all'intersezione con;PIAZZALE DELLE NAZIONI UNITE;PIAZZALE DELLE NAZIONI UNITE;;;Scontro laterale fra veicoli in marcia;Incrocio;Più di due carreggiate;Asciutto;Asfaltata;Verticale ed orizzontale;Sereno;Normale;Buona;Ore Diurne;1;0;0;1;;;-1;2;Motociclo a solo;In marcia / fermata / arresto;Conducente;M;Rimandato;0;NON DECEDUTO;Utilizzato;Inesistente
1854188;12;02/11/2010 06:45;Strada Urbana;VIALE EGEO;da specificare;;;;PROX. VIA DEL CAPPELLACCIO;Veicolo in marcia contro ostacolo fisso;Curva senza visuale libera;Due carreggiate;Bagnato (pioggia);Asfaltata;Verticale ed orizzontale;Pioggia in atto;Normale;Sufficiente;Ore Diurne;0;0;0;1;;;-1;1;Autocarro inferiore 35 q.;In marcia / fermata / arresto;Conducente;M;Illeso;0;;Utilizzato;Inesploso
1854189;12;02/11/2010 23:00;Strada Urbana;VIA MATTEO BARTOLI;da specificare;;;;fronte civico 30;Scontro laterale fra veicoli in marcia;Curva senza visuale libera;Una carreggiata a doppio senso;Bagnato (pioggia);Asfaltata;Verticale ed orizzontale;Pioggia in atto;Scarso;Buona;Sufficiente;1;0;0;0;;;-1;1;Ciclomotore;In marcia / fermata / arresto;Conducente;M;Rimandato;0;NON DECEDUTO;Non accertato;Inesistente
1854190;12;03/11/2010 08:05;Provinciale entro l'abitato;VIA ARDEATINA;all'intersezione con;VIA TORRI DI CASTEL DI LEVA;VIA TORRI DI CASTEL DI LEVA;;;Scontro laterale fra veicoli in marcia;Incrocio;Una carreggiata a doppio senso;Bagnato (pioggia);Asfaltata;Verticale ed orizzontale;Nuvoloso;Intenso;Buona;Ore Diurne;1;0;0;3;;;-1;1;Autovettura privata;In marcia / fermata / arresto;Conducente;F;Rimandato;0;NON DECEDUTO;Utilizzato;Inesploso
1854190;12;03/11/2010 08:05;Provinciale entro l'abitato;VIA ARDEATINA;all'intersezione con;VIA TORRI DI CASTEL DI LEVA;VIA TORRI DI CASTEL DI LEVA;;;Scontro laterale fra veicoli in marcia;Incrocio;Una carreggiata a doppio senso;Bagnato (pioggia);Asfaltata;Verticale ed orizzontale;Nuvoloso;Intenso;Buona;Ore Diurne;1;0;0;3;;;-1;1;Autovettura privata;In marcia / fermata / arresto;Passeggero;M;Illeso;0;;Utilizzato;Inesistente
1854190;12;03/11/2010 08:05;Provinciale entro l'abitato;VIA ARDEATINA;all'intersezione con;VIA TORRI DI CASTEL DI LEVA;VIA TORRI DI CASTEL DI LEVA;;;Scontro laterale fra veicoli in marcia;Incrocio;Una carreggiata a doppio senso;Bagnato (pioggia);Asfaltata;Verticale ed orizzontale;Nuvoloso;Intenso;Buona;Ore Diurne;1;0;0;3;;;-1;1;Autovettura privata;In marcia / fermata / arresto;Passeggero;F;Illeso;0;;Utilizzato;Inesistente
1854190;12;03/11/2010 08:05;Provinciale entro l'abitato;VIA ARDEATINA;all'intersezione con;VIA TORRI DI CASTEL DI LEVA;VIA TORRI DI CASTEL DI LEVA;;;Scontro laterale fra veicoli in marcia;Incrocio;Una carreggiata a doppio senso;Bagnato (pioggia);Asfaltata;Verticale ed orizzontale;Nuvoloso;Intenso;Buona;Ore Diurne;1;0;0;3;;;-1;2;Motociclo a solo;In marcia / fermata / arresto;Conducente;M;Illeso;0;;Utilizzato;Inesistente
1854191;12;03/11/2010 23:00;Regionale;VIA PONTINA;da specificare;;;;carr. centrale dir. Roma,  alt. civ. 407;Infortunio per sola frenata improvvisa;Rettilineo;Una carreggiata a senso unico di marcia;Asciutto;Asfaltata;Verticale;Sereno;Normale;Insufficiente;Inesistente;0;0;0;1;;;-1;1;Autovettura privata;In marcia / fermata / arresto;Conducente;M;Illeso;0;;Utilizzato;Inesistente
1854194;13;01/11/2010 11:10;Strada Urbana;VIA DI CASTEL FUSANO;da specificare;;;;altezza civ. 25;Veicolo in marcia contro veicolo fermo;Rettilineo;Una carreggiata a doppio senso;Bagnato (pioggia);Asfaltata;Orizzontale;Pioggia in atto;Normale;Sufficiente;Ore Diurne;0;0;0;2;;;-1;1;Autovettura privata;In marcia / fermata / arresto;Conducente;M;Illeso;0;;Non accertato;Inesistente
1854194;13;01/11/2010 11:10;Strada Urbana;VIA DI CASTEL FUSANO;da specificare;;;;altezza civ. 25;Veicolo in marcia contro veicolo fermo;Rettilineo;Una carreggiata a doppio senso;Bagnato (pioggia);Asfaltata;Orizzontale;Pioggia in atto;Normale;Sufficiente;Ore Diurne;0;0;0;2;;;-1;2;Autovettura privata;In marcia / fermata / arresto;Conducente;F;Illeso;0;;Non accertato;Inesploso
1854195;13;02/11/2010 17:20;Strada Urbana;VIA OSTIENSE;all'intersezione con;VIA DI PONTE LADRONE;VIA DI PONTE LADRONE;;;Scontro laterale fra veicoli in marcia;Incrocio;Una carreggiata a doppio senso;Asciutto;Asfaltata;Verticale ed orizzontale;Nuvoloso;Intenso;Buona;Sufficiente;0;0;0;3;;;-1;1;Autovettura privata;In marcia / fermata / arresto;Conducente;M;Illeso;0;;Non accertato;Inesploso
1854195;13;02/11/2010 17:20;Strada Urbana;VIA OSTIENSE;all'intersezione con;VIA DI PONTE LADRONE;VIA DI PONTE LADRONE;;;Scontro laterale fra veicoli in marcia;Incrocio;Una carreggiata a doppio senso;Asciutto;Asfaltata;Verticale ed orizzontale;Nuvoloso;Intenso;Buona;Sufficiente;0;0;0;3;;;-1;1;Autovettura privata;In marcia / fermata / arresto;Passeggero;M;Illeso;0;;Non accertato;Inesploso
1854195;13;02/11/2010 17:20;Strada Urbana;VIA OSTIENSE;all'intersezione con;VIA DI PONTE LADRONE;VIA DI PONTE LADRONE;;;Scontro laterale fra veicoli in marcia;Incrocio;Una carreggiata a doppio senso;Asciutto;Asfaltata;Verticale ed orizzontale;Nuvoloso;Intenso;Buona;Sufficiente;0;0;0;3;;;-1;2;Motociclo a solo;In marcia / fermata / arresto;Conducente;M;Illeso;0;;Non accertato;Inesistente
1854196;13;02/11/2010 16:00;Strada Urbana;VIA GABRIELE TORREMUZZA;all'intersezione con;VIA DEI FRATELLI PALMA;VIA DEI FRATELLI PALMA;;;Scontro frontale/laterale DX fra veicoli in marcia;Incrocio;Una carreggiata a doppio senso;Bagnato (umidità in atto);Asfaltata;Assente;Nuvoloso;Scarso;Sufficiente;Ore Diurne;1;0;0;1;;;-1;1;Autovettura privata;In marcia / fermata / arresto;Conducente;M;Illeso;0;;Non accertato;Inesploso
1854196;13;02/11/2010 16:00;Strada Urbana;VIA GABRIELE TORREMUZZA;all'intersezione con;VIA DEI FRATELLI PALMA;VIA DEI FRATELLI PALMA;;;Scontro frontale/laterale DX fra veicoli in marcia;Incrocio;Una carreggiata a doppio senso;Bagnato (umidità in atto);Asfaltata;Assente;Nuvoloso;Scarso;Sufficiente;Ore Diurne;1;0;0;1;;;-1;2;Motociclo a solo;In marcia / fermata / arresto;Conducente;M;Rimandato;0;NON DECEDUTO;Non accertato;Inesistente
1854197;13;02/11/2010 17:30;Strada Urbana;VIA MAR ROSSO;da specificare;;;;prossimità Via Mar dei Caraibi;Veicolo in marcia contro ostacolo fisso;Rettilineo;Una carreggiata a doppio senso;Asciutto;Asfaltata;Orizzontale;Sereno;Normale;Buona;Ore Diurne;0;0;0;1;;;-1;1;Autovettura privata;In marcia / fermata / arresto;Conducente;M;Illeso;0;;Non accertato;Inesploso
1854198;13;02/11/2010 17:55;Strada Urbana;VIA GIAMBATTISTA VIOTTI;all'intersezione con;VIA FRANCO CASAVOLA;VIA FRANCO CASAVOLA;;;Veicolo in marcia contro ostacolo fisso;Incrocio;Una carreggiata a doppio senso;Bagnato (pioggia);Asfaltata;Assente;Pioggia in atto;Scarso;Insufficiente;Inesistente;0;0;0;1;;;-1;1;Autovettura privata;In marcia / fermata / arresto;Conducente;F;Illeso;0;;Non accertato;Inesploso
1854199;13;02/11/2010 11:45;Strada Urbana;VIA RUTILIO NAMAZIANO;in corrispondenza;;del civico n. ;44;;Veicolo in marcia contro veicolo in sosta;Rettilineo;Una carreggiata a senso unico di marcia;Bagnato (pioggia);Asfaltata;Assente;Nuvoloso;Normale;Buona;Ore Diurne;1;0;0;1;;;-1;1;Autovettura privata;In marcia / fermata / arresto;Conducente;M;Illeso;0;;Non accertato;Inesploso
1854199;13;02/11/2010 11:45;Strada Urbana;VIA RUTILIO NAMAZIANO;in corrispondenza;;del civico n. ;44;;Veicolo in marcia contro veicolo in sosta;Rettilineo;Una carreggiata a senso unico di marcia;Bagnato (pioggia);Asfaltata;Assente;Nuvoloso;Normale;Buona;Ore Diurne;1;0;0;1;;;-1;1;Autovettura privata;In marcia / fermata / arresto;Passeggero;F;Rimandato;0;NON DECEDUTO;Non accertato;Inesploso
1854200;13;02/11/2010 23:30;Strada Urbana;PIAZZA FONTE DEGLI ACILII;all'intersezione con;VIA PINDARO;VIA PINDARO;;;Scontro laterale fra veicoli in marcia;Rotatoria;Una carreggiata a doppio senso;Bagnato (pioggia);Asfaltata;Orizzontale;Pioggia in atto;Scarso;Buona;Sufficiente;0;0;0;2;;;-1;1;Autovettura privata;In marcia / fermata / arresto;Conducente;M;Illeso;0;;Non accertato;Inesploso
1854200;13;02/11/2010 23:30;Strada Urbana;PIAZZA FONTE DEGLI ACILII;all'intersezione con;VIA PINDARO;VIA PINDARO;;;Scontro laterale fra veicoli in marcia;Rotatoria;Una carreggiata a doppio senso;Bagnato (pioggia);Asfaltata;Orizzontale;Pioggia in atto;Scarso;Buona;Sufficiente;0;0;0;2;;;-1;2;Autovettura privata;In marcia / fermata / arresto;Conducente;M;Illeso;0;;Non accertato;Inesploso
1854201;13;03/11/2010 08:20;Strada Urbana;VIA OSTIENSE;all'intersezione con;VIA DI PONTE LADRONE;VIA DI PONTE LADRONE;;;Scontro frontale/laterale DX fra veicoli in marcia;Incrocio;Una carreggiata a doppio senso;Asciutto;Asfaltata;Verticale ed orizzontale;Sereno;Intenso;Buona;Ore Diurne;2;0;0;0;;;-1;1;Motociclo a solo;In marcia / fermata / arresto;Conducente;M;Rimandato;0;NON DECEDUTO;Non accertato;Inesistente
1854201;13;03/11/2010 08:20;Strada Urbana;VIA OSTIENSE;all'intersezione con;VIA DI PONTE LADRONE;VIA DI PONTE LADRONE;;;Scontro frontale/laterale DX fra veicoli in marcia;Incrocio;Una carreggiata a doppio senso;Asciutto;Asfaltata;Verticale ed orizzontale;Sereno;Intenso;Buona;Ore Diurne;2;0;0;0;;;-1;2;Autovettura privata;In marcia / fermata / arresto;Conducente;F;Rimandato;0;NON DECEDUTO;Non accertato;Inesploso
1854202;13;03/11/2010 11:30;Strada Urbana;VIA CARLO CASINI;all'intersezione con;VIA DOMENICO DA PONZO;VIA DOMENICO DA PONZO;;;Scontro laterale fra veicoli in marcia;Incrocio;Una carreggiata a senso unico di marcia;Asciutto;Asfaltata;Verticale ed orizzontale;Sereno;Normale;Buona;Ore Diurne;1;0;0;2;;;-1;1;Autovettura privata;In marcia / fermata / arresto;Conducente;M;Illeso;0;;Non accertato;Inesploso
1854202;13;03/11/2010 11:30;Strada Urbana;VIA CARLO CASINI;all'intersezione con;VIA DOMENICO DA PONZO;VIA DOMENICO DA PONZO;;;Scontro laterale fra veicoli in marcia;Incrocio;Una carreggiata a senso unico di marcia;Asciutto;Asfaltata;Verticale ed orizzontale;Sereno;Normale;Buona;Ore Diurne;1;0;0;2;;;-1;1;Autovettura privata;In marcia / fermata / arresto;Passeggero;F;Illeso;0;;Non accertato;Inesploso
1854202;13;03/11/2010 11:30;Strada Urbana;VIA CARLO CASINI;all'intersezione con;VIA DOMENICO DA PONZO;VIA DOMENICO DA PONZO;;;Scontro laterale fra veicoli in marcia;Incrocio;Una carreggiata a senso unico di marcia;Asciutto;Asfaltata;Verticale ed orizzontale;Sereno;Normale;Buona;Ore Diurne;1;0;0;2;;;-1;2;Motociclo a solo;In marcia / fermata / arresto;Conducente;M;Rimandato;0;NON DECEDUTO;Non accertato;Inesistente
1854203;13;03/11/2010 12:30;Strada Urbana;VIA PIETRO ROSA;da specificare;;;;ALTEZZA CIV. N. 49;Investimento di pedone;Rettilineo;Una carreggiata a doppio senso;Asciutto;Asfaltata;Verticale ed orizzontale;Sereno;Scarso;Buona;Ore Diurne;1;0;0;1;;;-1;;;;Pedone;F;Rimandato;0;NON DECEDUTO;;
1854203;13;03/11/2010 12:30;Strada Urbana;VIA PIETRO ROSA;da specificare;;;;ALTEZZA CIV. N. 49;Investimento di pedone;Rettilineo;Una carreggiata a doppio senso;Asciutto;Asfaltata;Verticale ed orizzontale;Sereno;Scarso;Buona;Ore Diurne;1;0;0;1;;;-1;1;Autovettura privata;In marcia / fermata / arresto;Conducente;M;Illeso;0;;Non accertato;Inesploso
1854204;13;03/11/2010 17:45;Strada Urbana;VIA ALESSANDRO PIOLA CASELLI;da specificare;;;;ALTEZZA CIV. 108;Scontro laterale fra veicoli in marcia;Rettilineo;Due carreggiate;Asciutto;Asfaltata;Orizzontale;Sereno;Normale;Sufficiente;Sufficiente;0;0;0;1;;;-1;1;Autovettura privata;In marcia / fermata / arresto;Conducente;M;Illeso;0;;Non accertato;Inesistente
1854205;13;03/11/2010 18:30;Strada Urbana;VIALE DEI ROMAGNOLI;da specificare;;;;RAMPA D'ACCESSO ALLA VIA DEL MARE ;Tamponamento Multiplo;Curva a visuale libera;Una carreggiata a doppio senso;Asciutto;Asfaltata;Verticale;Sereno;Normale;Buona;Sufficiente;0;0;0;3;;;-1;1;Autovettura privata;In marcia / fermata / arresto;Conducente;F;Illeso;0;;Non accertato;Inesploso
1854205;13;03/11/2010 18:30;Strada Urbana;VIALE DEI ROMAGNOLI;da specificare;;;;RAMPA D'ACCESSO ALLA VIA DEL MARE ;Tamponamento Multiplo;Curva a visuale libera;Una carreggiata a doppio senso;Asciutto;Asfaltata;Verticale;Sereno;Normale;Buona;Sufficiente;0;0;0;3;;;-1;2;Autovettura privata;In marcia / fermata / arresto;Conducente;F;Illeso;0;;Non accertato;Inesistente
1854205;13;03/11/2010 18:30;Strada Urbana;VIALE DEI ROMAGNOLI;da specificare;;;;RAMPA D'ACCESSO ALLA VIA DEL MARE ;Tamponamento Multiplo;Curva a visuale libera;Una carreggiata a doppio senso;Asciutto;Asfaltata;Verticale;Sereno;Normale;Buona;Sufficiente;0;0;0;3;;;-1;3;Autovettura privata;In marcia / fermata / arresto;Conducente;M;Illeso;0;;Non accertato;Inesploso
1854206;13;03/11/2010 20:45;Strada Urbana;VIA ISOLE DEL CAPO VERDE;all'intersezione con;VIA CARLO BOSIO;VIA CARLO BOSIO;;;Investimento di pedone;Incrocio;Due carreggiate;Asciutto;Asfaltata;Verticale ed orizzontale;Sereno;Scarso;Buona;Sufficiente;1;0;0;1;;;-1;;;;Pedone;M;Rimandato;0;NON DECEDUTO;;
1854206;13;03/11/2010 20:45;Strada Urbana;VIA ISOLE DEL CAPO VERDE;all'intersezione con;VIA CARLO BOSIO;VIA CARLO BOSIO;;;Investimento di pedone;Incrocio;Due carreggiate;Asciutto;Asfaltata;Verticale ed orizzontale;Sereno;Scarso;Buona;Sufficiente;1;0;0;1;;;-1;1;Autovettura privata;In marcia / fermata / arresto;Conducente;F;Illeso;0;;Utilizzato;Inesistente
1854207;15;02/11/2010 09:10;Strada Urbana;VIA DELLA MAGLIANA;all'intersezione semaforizzata con;VIA PIAN DUE TORRI;VIA PIAN DUE TORRI;;;Scontro laterale fra veicoli in marcia;Intersezione semaforizzata;Una carreggiata a doppio senso;Bagnato (pioggia);Asfaltata;Verticale ed orizzontale;Nuvoloso;Normale;Buona;Ore Diurne;0;0;0;2;;;-1;1;Autocarro inferiore 35 q.;In marcia / fermata / arresto;Conducente;M;Illeso;0;;Utilizzato;Inesistente
1854207;15;02/11/2010 09:10;Strada Urbana;VIA DELLA MAGLIANA;all'intersezione semaforizzata con;VIA PIAN DUE TORRI;VIA PIAN DUE TORRI;;;Scontro laterale fra veicoli in marcia;Intersezione semaforizzata;Una carreggiata a doppio senso;Bagnato (pioggia);Asfaltata;Verticale ed orizzontale;Nuvoloso;Normale;Buona;Ore Diurne;0;0;0;2;;;-1;2;Ciclomotore;In marcia / fermata / arresto;Conducente;F;Illeso;0;;Utilizzato;Inesistente
1854208;15;02/11/2010 11:00;Strada Urbana;VIA LORENZO ALLIEVI;all'intersezione con;VIA PORTUENSE;VIA PORTUENSE;;;Scontro frontale/laterale DX fra veicoli in marcia;Incrocio;Una carreggiata a doppio senso;Asciutto;Asfaltata;Verticale;Nuvoloso;Scarso;Buona;Ore Diurne;0;0;0;2;;;-1;1;Autovettura privata;In marcia / fermata / arresto;Conducente;F;Illeso;0;;Utilizzato;Inesistente
1854208;15;02/11/2010 11:00;Strada Urbana;VIA LORENZO ALLIEVI;all'intersezione con;VIA PORTUENSE;VIA PORTUENSE;;;Scontro frontale/laterale DX fra veicoli in marcia;Incrocio;Una carreggiata a doppio senso;Asciutto;Asfaltata;Verticale;Nuvoloso;Scarso;Buona;Ore Diurne;0;0;0;2;;;-1;2;Autovettura privata;In marcia / fermata / arresto;Conducente;M;Illeso;0;;Utilizzato;Inesistente
1854209;15;02/11/2010 19:40;Strada Urbana;VIA DELLE VIGNE;all'intersezione con;VIA LANFRANCO MAROI;VIA LANFRANCO MAROI;;;Scontro frontale/laterale DX fra veicoli in marcia;Incrocio;Una carreggiata a doppio senso;Bagnato (umidità in atto);Asfaltata;Verticale ed orizzontale;Nuvoloso;Scarso;Buona;Sufficiente;2;0;0;1;;;-1;1;Autovettura privata;In marcia / fermata / arresto;Conducente;F;Illeso;0;;Non accertato;Inesploso
1854209;15;02/11/2010 19:40;Strada Urbana;VIA DELLE VIGNE;all'intersezione con;VIA LANFRANCO MAROI;VIA LANFRANCO MAROI;;;Scontro frontale/laterale DX fra veicoli in marcia;Incrocio;Una carreggiata a doppio senso;Bagnato (umidità in atto);Asfaltata;Verticale ed orizzontale;Nuvoloso;Scarso;Buona;Sufficiente;2;0;0;1;;;-1;2;Motociclo a solo;In marcia / fermata / arresto;Conducente;M;Rimandato;0;NON DECEDUTO;Non accertato;Inesistente
1854209;15;02/11/2010 19:40;Strada Urbana;VIA DELLE VIGNE;all'intersezione con;VIA LANFRANCO MAROI;VIA LANFRANCO MAROI;;;Scontro frontale/laterale DX fra veicoli in marcia;Incrocio;Una carreggiata a doppio senso;Bagnato (umidità in atto);Asfaltata;Verticale ed orizzontale;Nuvoloso;Scarso;Buona;Sufficiente;2;0;0;1;;;-1;2;Motociclo a solo;In marcia / fermata / arresto;Passeggero;M;Rimandato;0;NON DECEDUTO;Non accertato;Inesploso
1854210;15;03/11/2010 13:20;Strada Urbana;VIA DELLA CASETTA MATTEI;in corrispondenza;;del civico n. ;52;;Scontro laterale fra veicoli in marcia;Rettilineo;Una carreggiata a doppio senso;Asciutto;Asfaltata;Orizzontale;Sereno;Normale;Buona;Ore Diurne;1;0;0;1;;;-1;1;Autovettura privata;In marcia / fermata / arresto;Conducente;M;Illeso;0;;Utilizzato;Inesistente
1854210;15;03/11/2010 13:20;Strada Urbana;VIA DELLA CASETTA MATTEI;in corrispondenza;;del civico n. ;52;;Scontro laterale fra veicoli in marcia;Rettilineo;Una carreggiata a doppio senso;Asciutto;Asfaltata;Orizzontale;Sereno;Normale;Buona;Ore Diurne;1;0;0;1;;;-1;2;Motociclo a solo;In marcia / fermata / arresto;Conducente;M;Rimandato;0;NON DECEDUTO;Utilizzato;Inesistente
1854211;15;03/11/2010 17:30;Strada Urbana;VIA PORTUENSE;in prossimità;;del civico n. ;798;;Scontro frontale/laterale SX fra veicoli in marcia;Rettilineo;Una carreggiata a doppio senso;Asciutto;Asfaltata;Orizzontale;Nuvoloso;Intenso;Buona;Sufficiente;0;0;0;3;;;-1;1;Autovettura privata;In marcia / fermata / arresto;Conducente;M;Illeso;0;;Utilizzato;Inesistente
1854211;15;03/11/2010 17:30;Strada Urbana;VIA PORTUENSE;in prossimità;;del civico n. ;798;;Scontro frontale/laterale SX fra veicoli in marcia;Rettilineo;Una carreggiata a doppio senso;Asciutto;Asfaltata;Orizzontale;Nuvoloso;Intenso;Buona;Sufficiente;0;0;0;3;;;-1;2;Autovettura privata;In marcia / fermata / arresto;Conducente;F;Illeso;0;;Utilizzato;Inesistente