Protocollo;Gruppo;DataOraIncidente;Localizzazione1;STRADA1;Localizzazione2;STRADA2;Strada02;Chilometrica;DaSpecificare;NaturaIncidente;particolaritastrade;TipoStrada;FondoStradale;Pavimentazione;Segnaletica;CondizioneAtmosferica;Traffico;Visibilita;Illuminazione;NUM_FERITI;NUM_RISERVATA;NUM_MORTI;NUM_ILLESI;Longitudine;Latitudine;Confermato;Progressivo;TipoVeicolo;StatoVeicolo;TipoPersona;Sesso;Tipolesione;Deceduto;DecedutoDopo;CinturaCascoUtilizzato;Airbag
1854864;13;08/11/2010 20:15;Strada Urbana;VIALE DI CASTEL PORZIANO;da specificare;;;;in prossimità di Via Bersone;Tamponamento;Rettilineo;Una carreggiata a doppio senso;Bagnato (pioggia);Asfaltata;Verticale ed orizzontale;Pioggia in atto;Normale;Sufficiente;Sufficiente;0;0;0;2;;;-1;1;Autovettura privata;In marcia / fermata / arresto;Conducente;F;Illeso;0;;Non accertato;Inesploso
1854864;13;08/11/2010 20:15;Strada Urbana;VIALE DI CASTEL PORZIANO;da specificare;;;;in prossimità di Via Bersone;Tamponamento;Rettilineo;Una carreggiata a doppio senso;Bagnato (pioggia);Asfaltata;Verticale ed orizzontale;Pioggia in atto;Normale;Sufficiente;Sufficiente;0;0;0;2;;;-1;2;Autovettura privata;In marcia / fermata / arresto;Conducente;M;Illeso;0;;Non accertato;Inesistente
1854865;13;08/11/2010 17:50;Strada Urbana;VIALE DELLA MARINA;in prossimità;;del civico n. ;14;;Scontro laterale fra veicoli in marcia;Rettilineo;Due carreggiate;Asciutto;Asfaltata;Verticale ed orizzontale;Nuvoloso;Normale;Buona;Sufficiente;0;0;0;2;;;-1;1;Autovettura privata;In marcia / fermata / arresto;Conducente;M;Illeso;0;;Non accertato;Inesistente
1854865;13;08/11/2010 17:50;Strada Urbana;VIALE DELLA MARINA;in prossimità;;del civico n. ;14;;Scontro laterale fra veicoli in marcia;Rettilineo;Due carreggiate;Asciutto;Asfaltata;Verticale ed orizzontale;Nuvoloso;Normale;Buona;Sufficiente;0;0;0;2;;;-1;2;Autocarro inferiore 35 q.;In marcia / fermata / arresto;Conducente;M;Illeso;0;;Non accertato;Inesistente
1854866;13;09/11/2010 12:30;Strada Urbana;VIA VINCENZO VANNUTELLI;in prossimità;;del civico n. ;12;;Tamponamento;Rettilineo;Due carreggiate;Bagnato (umidità in atto);Asfaltata;Verticale;Nuvoloso;Normale;Buona;Ore Diurne;1;0;0;3;;;-1;1;Autovettura privata;In marcia / fermata / arresto;Conducente;M;Illeso;0;;Non accertato;Inesploso
1854866;13;09/11/2010 12:30;Strada Urbana;VIA VINCENZO VANNUTELLI;in prossimità;;del civico n. ;12;;Tamponamento;Rettilineo;Due carreggiate;Bagnato (umidità in atto);Asfaltata;Verticale;Nuvoloso;Normale;Buona;Ore Diurne;1;0;0;3;;;-1;2;Autovettura privata;In marcia / fermata / arresto;Conducente;M;Rimandato;0;NON DECEDUTO;Non accertato;Inesploso
1854866;13;09/11/2010 12:30;Strada Urbana;VIA VINCENZO VANNUTELLI;in prossimità;;del civico n. ;12;;Tamponamento;Rettilineo;Due carreggiate;Bagnato (umidità in atto);Asfaltata;Verticale;Nuvoloso;Normale;Buona;Ore Diurne;1;0;0;3;;;-1;2;Autovettura privata;In marcia / fermata / arresto;Passeggero;F;Illeso;0;;Non accertato;Inesploso
1854866;13;09/11/2010 12:30;Strada Urbana;VIA VINCENZO VANNUTELLI;in prossimità;;del civico n. ;12;;Tamponamento;Rettilineo;Due carreggiate;Bagnato (umidità in atto);Asfaltata;Verticale;Nuvoloso;Normale;Buona;Ore Diurne;1;0;0;3;;;-1;3;Autovettura privata;In marcia / fermata / arresto;Conducente;M;Illeso;0;;Non accertato;Inesploso
1854867;13;09/11/2010 16:00;Strada Urbana;VIA DELLA GENTE SALINATORIA;da specificare;;;;PROSSIMITA'   VIA DEL MARE;Tamponamento;Rettilineo;Una carreggiata a senso unico di marcia;Asciutto;Asfaltata;Verticale;Sereno;Intenso;Buona;Ore Diurne;0;0;0;3;;;-1;1;Autovettura privata;In marcia / fermata / arresto;Conducente;F;Illeso;0;;Non accertato;Inesploso
1854867;13;09/11/2010 16:00;Strada Urbana;VIA DELLA GENTE SALINATORIA;da specificare;;;;PROSSIMITA'   VIA DEL MARE;Tamponamento;Rettilineo;Una carreggiata a senso unico di marcia;Asciutto;Asfaltata;Verticale;Sereno;Intenso;Buona;Ore Diurne;0;0;0;3;;;-1;2;Autovettura privata;In marcia / fermata / arresto;Conducente;F;Illeso;0;;Non utilizzato;Inesploso
1854867;13;09/11/2010 16:00;Strada Urbana;VIA DELLA GENTE SALINATORIA;da specificare;;;;PROSSIMITA'   VIA DEL MARE;Tamponamento;Rettilineo;Una carreggiata a senso unico di marcia;Asciutto;Asfaltata;Verticale;Sereno;Intenso;Buona;Ore Diurne;0;0;0;3;;;-1;2;Autovettura privata;In marcia / fermata / arresto;Passeggero;F;Illeso;0;;Non accertato;Inesistente
1854868;15;04/11/2010 08:30;Strada Urbana;VIA DELLA MAGLIANA;all'intersezione con;VIALE ALESSANDRO MARCHETTI;VIALE ALESSANDRO MARCHETTI;;;Scontro frontale/laterale DX fra veicoli in marcia;Intersezione non regolata/non segnalata;Una carreggiata a doppio senso;Asciutto;Asfaltata;Verticale ed orizzontale;Sereno;Normale;Buona;Ore Diurne;0;0;0;2;;;-1;1;Autovettura privata;In marcia / fermata / arresto;Conducente;F;Illeso;0;;Utilizzato;Inesistente
1854868;15;04/11/2010 08:30;Strada Urbana;VIA DELLA MAGLIANA;all'intersezione con;VIALE ALESSANDRO MARCHETTI;VIALE ALESSANDRO MARCHETTI;;;Scontro frontale/laterale DX fra veicoli in marcia;Intersezione non regolata/non segnalata;Una carreggiata a doppio senso;Asciutto;Asfaltata;Verticale ed orizzontale;Sereno;Normale;Buona;Ore Diurne;0;0;0;2;;;-1;2;Motociclo a solo;In marcia / fermata / arresto;Conducente;M;Illeso;0;;Utilizzato;Inesistente
1854869;15;04/11/2010 09:00;Strada Urbana;VIA ANTONIO PACINOTTI;in corrispondenza;;del civico n. ;15;;Tamponamento Multiplo;Rettilineo;Una carreggiata a doppio senso;Asciutto;Asfaltata;Verticale ed orizzontale;Sereno;Normale;Buona;Ore Diurne;0;0;0;4;;;-1;1;Autovettura privata;In marcia / fermata / arresto;Conducente;F;Illeso;0;;Utilizzato;Inesistente
1854869;15;04/11/2010 09:00;Strada Urbana;VIA ANTONIO PACINOTTI;in corrispondenza;;del civico n. ;15;;Tamponamento Multiplo;Rettilineo;Una carreggiata a doppio senso;Asciutto;Asfaltata;Verticale ed orizzontale;Sereno;Normale;Buona;Ore Diurne;0;0;0;4;;;-1;1;Autovettura privata;In marcia / fermata / arresto;Passeggero;F;Illeso;0;;Utilizzato;Inesistente
1854869;15;04/11/2010 09:00;Strada Urbana;VIA ANTONIO PACINOTTI;in corrispondenza;;del civico n. ;15;;Tamponamento Multiplo;Rettilineo;Una carreggiata a doppio senso;Asciutto;Asfaltata;Verticale ed orizzontale;Sereno;Normale;Buona;Ore Diurne;0;0;0;4;;;-1;2;Autovettura privata;In marcia / fermata / arresto;Conducente;F;Illeso;0;;Utilizzato;Inesistente
1854869;15;04/11/2010 09:00;Strada Urbana;VIA ANTONIO PACINOTTI;in corrispondenza;;del civico n. ;15;;Tamponamento Multiplo;Rettilineo;Una carreggiata a doppio senso;Asciutto;Asfaltata;Verticale ed orizzontale;Sereno;Normale;Buona;Ore Diurne;0;0;0;4;;;-1;3;Autovettura privata;In marcia / fermata / arresto;Conducente;M;Illeso;0;;Non accertato;
1854870;15;04/11/2010 13:10;Strada Urbana;VIA DI MONTE CUCCO;all'intersezione con;VIA GIOVANNI PORZIO;VIA GIOVANNI PORZIO;;;Scontro laterale fra veicoli in marcia;Incrocio;Una carreggiata a doppio senso;Asciutto;Lastricata;Verticale ed orizzontale;Sereno;Normale;Buona;Ore Diurne;1;0;0;1;;;-1;1;Motociclo a solo;In marcia / fermata / arresto;Conducente;M;Rimandato;0;NON DECEDUTO;Non accertato;Inesistente
1854870;15;04/11/2010 13:10;Strada Urbana;VIA DI MONTE CUCCO;all'intersezione con;VIA GIOVANNI PORZIO;VIA GIOVANNI PORZIO;;;Scontro laterale fra veicoli in marcia;Incrocio;Una carreggiata a doppio senso;Asciutto;Lastricata;Verticale ed orizzontale;Sereno;Normale;Buona;Ore Diurne;1;0;0;1;;;-1;2;Autovettura privata;In marcia / fermata / arresto;Conducente;M;Illeso;0;;Non accertato;Inesploso
1854871;15;04/11/2010 17:20;Strada Urbana;LUNGOTEVERE DEGLI INVENTORI;all'intersezione con;VIA VINCENZO BRUNACCI;VIA VINCENZO BRUNACCI;;;Scontro laterale fra veicoli in marcia;Intersezione non regolata/non segnalata;Una carreggiata a doppio senso;Asciutto;Asfaltata;Orizzontale;Sereno;Intenso;Buona;Ore Diurne;0;0;0;3;;;-1;1;Motociclo a solo;In marcia / fermata / arresto;Conducente;M;Illeso;0;;Utilizzato;Inesistente
1854871;15;04/11/2010 17:20;Strada Urbana;LUNGOTEVERE DEGLI INVENTORI;all'intersezione con;VIA VINCENZO BRUNACCI;VIA VINCENZO BRUNACCI;;;Scontro laterale fra veicoli in marcia;Intersezione non regolata/non segnalata;Una carreggiata a doppio senso;Asciutto;Asfaltata;Orizzontale;Sereno;Intenso;Buona;Ore Diurne;0;0;0;3;;;-1;1;Motociclo a solo;In marcia / fermata / arresto;Passeggero;F;Illeso;0;;Utilizzato;Inesistente
1854871;15;04/11/2010 17:20;Strada Urbana;LUNGOTEVERE DEGLI INVENTORI;all'intersezione con;VIA VINCENZO BRUNACCI;VIA VINCENZO BRUNACCI;;;Scontro laterale fra veicoli in marcia;Intersezione non regolata/non segnalata;Una carreggiata a doppio senso;Asciutto;Asfaltata;Orizzontale;Sereno;Intenso;Buona;Ore Diurne;0;0;0;3;;;-1;2;Autovettura privata;In marcia / fermata / arresto;Conducente;M;Illeso;0;;Utilizzato;Inesistente
1854872;15;04/11/2010 17:00;Strada Urbana;VIA QUIRINO MAJORANA;da specificare;;;;fronte civico 112;Tamponamento;Rettilineo;Una carreggiata a doppio senso;Asciutto;Asfaltata;Orizzontale;Sereno;Intenso;Buona;Ore Diurne;1;0;0;2;;;-1;1;Autovettura privata;In marcia / fermata / arresto;Conducente;M;Illeso;0;;Utilizzato;Inesistente
1854872;15;04/11/2010 17:00;Strada Urbana;VIA QUIRINO MAJORANA;da specificare;;;;fronte civico 112;Tamponamento;Rettilineo;Una carreggiata a doppio senso;Asciutto;Asfaltata;Orizzontale;Sereno;Intenso;Buona;Ore Diurne;1;0;0;2;;;-1;1;Autovettura privata;In marcia / fermata / arresto;Passeggero;M;Illeso;0;;Utilizzato;Inesistente
1854872;15;04/11/2010 17:00;Strada Urbana;VIA QUIRINO MAJORANA;da specificare;;;;fronte civico 112;Tamponamento;Rettilineo;Una carreggiata a doppio senso;Asciutto;Asfaltata;Orizzontale;Sereno;Intenso;Buona;Ore Diurne;1;0;0;2;;;-1;2;Motociclo a solo;In marcia / fermata / arresto;Conducente;M;Rimandato;0;NON DECEDUTO;Utilizzato;Inesistente
1854873;15;04/11/2010 16:00;Strada Urbana;LUNGOTEVERE DI PIETRA PAPA;in corrispondenza;;del civico n. ;21;;Tamponamento;Rettilineo;Una carreggiata a doppio senso;Asciutto;Asfaltata;Orizzontale;Sereno;Normale;Buona;Ore Diurne;0;0;0;2;;;-1;1;Autovettura privata;In marcia / fermata / arresto;Conducente;F;Illeso;0;;Utilizzato;Inesistente
1854873;15;04/11/2010 16:00;Strada Urbana;LUNGOTEVERE DI PIETRA PAPA;in corrispondenza;;del civico n. ;21;;Tamponamento;Rettilineo;Una carreggiata a doppio senso;Asciutto;Asfaltata;Orizzontale;Sereno;Normale;Buona;Ore Diurne;0;0;0;2;;;-1;2;Autovettura privata;In marcia / fermata / arresto;Conducente;M;Illeso;0;;Utilizzato;Inesistente
1854874;15;04/11/2010 13:30;Strada Urbana;VIA FRANCESCO GRIMALDI;in corrispondenza;;del civico n. ;26;;Investimento di pedone;Rettilineo;Una carreggiata a doppio senso;Asciutto;Asfaltata;Orizzontale;Sereno;Normale;Buona;Ore Diurne;1;0;0;1;;;-1;;;;Pedone;M;Rimandato;0;NON DECEDUTO;;
1854874;15;04/11/2010 13:30;Strada Urbana;VIA FRANCESCO GRIMALDI;in corrispondenza;;del civico n. ;26;;Investimento di pedone;Rettilineo;Una carreggiata a doppio senso;Asciutto;Asfaltata;Orizzontale;Sereno;Normale;Buona;Ore Diurne;1;0;0;1;;;-1;1;Autovettura privata;In marcia / fermata / arresto;Conducente;M;Illeso;0;;Utilizzato;Inesistente
1854875;15;04/11/2010 14:15;Strada Urbana;VIA DELLA MAGLIANA;da specificare;;;;fronte civico 243;Scontro frontale/laterale SX fra veicoli in marcia;Rettilineo;Una carreggiata a doppio senso;Asciutto;Asfaltata;Verticale ed orizzontale;Sereno;Normale;Buona;Ore Diurne;1;0;0;1;;;-1;1;Autovettura privata;In marcia / fermata / arresto;Conducente;M;Illeso;0;;Utilizzato;Inesistente
1854875;15;04/11/2010 14:15;Strada Urbana;VIA DELLA MAGLIANA;da specificare;;;;fronte civico 243;Scontro frontale/laterale SX fra veicoli in marcia;Rettilineo;Una carreggiata a doppio senso;Asciutto;Asfaltata;Verticale ed orizzontale;Sereno;Normale;Buona;Ore Diurne;1;0;0;1;;;-1;2;Motociclo a solo;In marcia / fermata / arresto;Conducente;M;Rimandato;0;NON DECEDUTO;Utilizzato;Inesistente
1854876;15;04/11/2010 19:15;Strada Urbana;VIALE DI PESCINA GAGLIARDA;in corrispondenza;;del civico n. ;91;;Veicolo in marcia contro veicolo in sosta;Rettilineo;Una carreggiata a doppio senso;Asciutto;Asfaltata;Assente;Sereno;Scarso;Sufficiente;Sufficiente;0;0;0;1;;;-1;1;Autovettura privata;In marcia / fermata / arresto;Conducente;M;Illeso;0;;Utilizzato;Inesistente
1854877;15;04/11/2010 19:50;Strada Urbana;VIA DEL MONTE DELLE CAPRE;in corrispondenza;;del civico n. ;33D;;Veicolo in marcia contro veicolo in sosta;Rettilineo;Una carreggiata a doppio senso;Asciutto;Asfaltata;Orizzontale;Sereno;Normale;Buona;Sufficiente;1;0;0;1;;;-1;2;Motociclo a solo;In marcia / fermata / arresto;Conducente;M;Rimandato;0;NON DECEDUTO;Utilizzato;Inesistente
1854877;15;04/11/2010 19:50;Strada Urbana;VIA DEL MONTE DELLE CAPRE;in corrispondenza;;del civico n. ;33D;;Veicolo in marcia contro veicolo in sosta;Rettilineo;Una carreggiata a doppio senso;Asciutto;Asfaltata;Orizzontale;Sereno;Normale;Buona;Sufficiente;1;0;0;1;;;-1;3;Autovettura privata;In marcia / fermata / arresto;Conducente;M;Illeso;0;;Non accertato;Inesistente
1854878;15;04/11/2010 19:45;Comunale extraurbana;VIADOTTO DELLA MAGLIANA;da specificare;;;;svincolo direzione Via Isacco Newton;Tamponamento Multiplo;Rettilineo;Due carreggiate;Asciutto;Asfaltata;Orizzontale;Sereno;Intenso;Sufficiente;Sufficiente;0;0;0;11;;;-1;1;Autovettura privata;In marcia / fermata / arresto;Conducente;M;Illeso;0;;Utilizzato;Inesistente
1854878;15;04/11/2010 19:45;Comunale extraurbana;VIADOTTO DELLA MAGLIANA;da specificare;;;;svincolo direzione Via Isacco Newton;Tamponamento Multiplo;Rettilineo;Due carreggiate;Asciutto;Asfaltata;Orizzontale;Sereno;Intenso;Sufficiente;Sufficiente;0;0;0;11;;;-1;2;Autovettura privata;In marcia / fermata / arresto;Conducente;M;Illeso;0;;Utilizzato;Inesistente
1854878;15;04/11/2010 19:45;Comunale extraurbana;VIADOTTO DELLA MAGLIANA;da specificare;;;;svincolo direzione Via Isacco Newton;Tamponamento Multiplo;Rettilineo;Due carreggiate;Asciutto;Asfaltata;Orizzontale;Sereno;Intenso;Sufficiente;Sufficiente;0;0;0;11;;;-1;3;Autovettura privata;In marcia / fermata / arresto;Conducente;F;Illeso;0;;Utilizzato;Inesistente
1854878;15;04/11/2010 19:45;Comunale extraurbana;VIADOTTO DELLA MAGLIANA;da specificare;;;;svincolo direzione Via Isacco Newton;Tamponamento Multiplo;Rettilineo;Due carreggiate;Asciutto;Asfaltata;Orizzontale;Sereno;Intenso;Sufficiente;Sufficiente;0;0;0;11;;;-1;4;Autovettura privata;In marcia / fermata / arresto;Conducente;M;Illeso;0;;Utilizzato;Inesistente
1854878;15;04/11/2010 19:45;Comunale extraurbana;VIADOTTO DELLA MAGLIANA;da specificare;;;;svincolo direzione Via Isacco Newton;Tamponamento Multiplo;Rettilineo;Due carreggiate;Asciutto;Asfaltata;Orizzontale;Sereno;Intenso;Sufficiente;Sufficiente;0;0;0;11;;;-1;5;Autovettura privata;In marcia / fermata / arresto;Conducente;F;Illeso;0;;Utilizzato;Inesistente
1854878;15;04/11/2010 19:45;Comunale extraurbana;VIADOTTO DELLA MAGLIANA;da specificare;;;;svincolo direzione Via Isacco Newton;Tamponamento Multiplo;Rettilineo;Due carreggiate;Asciutto;Asfaltata;Orizzontale;Sereno;Intenso;Sufficiente;Sufficiente;0;0;0;11;;;-1;6;Autovettura privata;In marcia / fermata / arresto;Conducente;M;Illeso;0;;Utilizzato;Inesistente
1854878;15;04/11/2010 19:45;Comunale extraurbana;VIADOTTO DELLA MAGLIANA;da specificare;;;;svincolo direzione Via Isacco Newton;Tamponamento Multiplo;Rettilineo;Due carreggiate;Asciutto;Asfaltata;Orizzontale;Sereno;Intenso;Sufficiente;Sufficiente;0;0;0;11;;;-1;7;Autovettura privata;In marcia / fermata / arresto;Conducente;M;Illeso;0;;Utilizzato;Inesistente
1854878;15;04/11/2010 19:45;Comunale extraurbana;VIADOTTO DELLA MAGLIANA;da specificare;;;;svincolo direzione Via Isacco Newton;Tamponamento Multiplo;Rettilineo;Due carreggiate;Asciutto;Asfaltata;Orizzontale;Sereno;Intenso;Sufficiente;Sufficiente;0;0;0;11;;;-1;7;Autovettura privata;In marcia / fermata / arresto;Passeggero;F;Illeso;0;;Utilizzato;Inesistente
1854878;15;04/11/2010 19:45;Comunale extraurbana;VIADOTTO DELLA MAGLIANA;da specificare;;;;svincolo direzione Via Isacco Newton;Tamponamento Multiplo;Rettilineo;Due carreggiate;Asciutto;Asfaltata;Orizzontale;Sereno;Intenso;Sufficiente;Sufficiente;0;0;0;11;;;-1;7;Autovettura privata;In marcia / fermata / arresto;Passeggero;M;Illeso;0;;Utilizzato;Inesistente
1854878;15;04/11/2010 19:45;Comunale extraurbana;VIADOTTO DELLA MAGLIANA;da specificare;;;;svincolo direzione Via Isacco Newton;Tamponamento Multiplo;Rettilineo;Due carreggiate;Asciutto;Asfaltata;Orizzontale;Sereno;Intenso;Sufficiente;Sufficiente;0;0;0;11;;;-1;8;Autovettura privata;In marcia / fermata / arresto;Conducente;F;Illeso;0;;Utilizzato;Inesistente
1854878;15;04/11/2010 19:45;Comunale extraurbana;VIADOTTO DELLA MAGLIANA;da specificare;;;;svincolo direzione Via Isacco Newton;Tamponamento Multiplo;Rettilineo;Due carreggiate;Asciutto;Asfaltata;Orizzontale;Sereno;Intenso;Sufficiente;Sufficiente;0;0;0;11;;;-1;9;Autovettura privata;In marcia / fermata / arresto;Conducente;M;Illeso;0;;Utilizzato;Inesistente
1854879;15;05/11/2010 13:30;Strada Urbana;VIA ALFREDO NOBEL;in corrispondenza;;del civico n. ;36;;Veicolo in marcia contro veicolo in sosta;Rettilineo;Una carreggiata a doppio senso;Asciutto;Asfaltata;Assente;Sereno;Scarso;Buona;Ore Diurne;0;0;0;1;;;-1;3;Autovettura privata;In marcia / fermata / arresto;Conducente;F;Illeso;0;;Non utilizzato;Inesistente
1854880;15;05/11/2010 12:55;Strada Urbana;VIA PORTUENSE;in corrispondenza;;del civico n. ;941;;Scontro frontale/laterale SX fra veicoli in marcia;Curva a visuale libera;Una carreggiata a doppio senso;Asciutto;Asfaltata;Verticale ed orizzontale;Sereno;Normale;Sufficiente;Ore Diurne;0;0;0;2;;;-1;1;Autovettura privata;In marcia / fermata / arresto;Conducente;M;Illeso;0;;Utilizzato;Inesistente
1854880;15;05/11/2010 12:55;Strada Urbana;VIA PORTUENSE;in corrispondenza;;del civico n. ;941;;Scontro frontale/laterale SX fra veicoli in marcia;Curva a visuale libera;Una carreggiata a doppio senso;Asciutto;Asfaltata;Verticale ed orizzontale;Sereno;Normale;Sufficiente;Ore Diurne;0;0;0;2;;;-1;2;Autovettura privata;In marcia / fermata / arresto;Conducente;M;Illeso;0;;Utilizzato;Inesistente
1854881;15;05/11/2010 19:20;Strada Urbana;VIA ODERISI DA GUBBIO;in prossimità;;del civico n. ;139;;Scontro laterale fra veicoli in marcia;Rettilineo;Una carreggiata a doppio senso;Asciutto;Asfaltata;Verticale ed orizzontale;Sereno;Intenso;Buona;Sufficiente;0;0;0;5;;;-1;1;Autovettura pubblica;In marcia / fermata / arresto;Conducente;M;Illeso;0;;Utilizzato;Inesistente
1854881;15;05/11/2010 19:20;Strada Urbana;VIA ODERISI DA GUBBIO;in prossimità;;del civico n. ;139;;Scontro laterale fra veicoli in marcia;Rettilineo;Una carreggiata a doppio senso;Asciutto;Asfaltata;Verticale ed orizzontale;Sereno;Intenso;Buona;Sufficiente;0;0;0;5;;;-1;2;Autovettura privata;In marcia / fermata / arresto;Conducente;M;Illeso;0;;Utilizzato;Inesistente
1854881;15;05/11/2010 19:20;Strada Urbana;VIA ODERISI DA GUBBIO;in prossimità;;del civico n. ;139;;Scontro laterale fra veicoli in marcia;Rettilineo;Una carreggiata a doppio senso;Asciutto;Asfaltata;Verticale ed orizzontale;Sereno;Intenso;Buona;Sufficiente;0;0;0;5;;;-1;2;Autovettura privata;In marcia / fermata / arresto;Passeggero;;Illeso;0;;Utilizzato;
1854881;15;05/11/2010 19:20;Strada Urbana;VIA ODERISI DA GUBBIO;in prossimità;;del civico n. ;139;;Scontro laterale fra veicoli in marcia;Rettilineo;Una carreggiata a doppio senso;Asciutto;Asfaltata;Verticale ed orizzontale;Sereno;Intenso;Buona;Sufficiente;0;0;0;5;;;-1;3;Motociclo a solo;In marcia / fermata / arresto;Conducente;M;Illeso;0;;Utilizzato;Inesistente
1854881;15;05/11/2010 19:20;Strada Urbana;VIA ODERISI DA GUBBIO;in prossimità;;del civico n. ;139;;Scontro laterale fra veicoli in marcia;Rettilineo;Una carreggiata a doppio senso;Asciutto;Asfaltata;Verticale ed orizzontale;Sereno;Intenso;Buona;Sufficiente;0;0;0;5;;;-1;4;Autovettura privata;In marcia / fermata / arresto;Conducente;M;Illeso;0;;Utilizzato;Inesistente
1854882;15;05/11/2010 20:05;Strada Urbana;VIA PORTUENSE;in corrispondenza;;del civico n. ;791;;Investimento di pedone;Rettilineo;Una carreggiata a doppio senso;Asciutto;Asfaltata;Verticale ed orizzontale;Sereno;Normale;Sufficiente;Sufficiente;1;0;0;1;;;-1;;;;Pedone;M;Ricoverato;0;NON DECEDUTO;;
1854882;15;05/11/2010 20:05;Strada Urbana;VIA PORTUENSE;in corrispondenza;;del civico n. ;791;;Investimento di pedone;Rettilineo;Una carreggiata a doppio senso;Asciutto;Asfaltata;Verticale ed orizzontale;Sereno;Normale;Sufficiente;Sufficiente;1;0;0;1;;;-1;1;Autovettura privata;In marcia / fermata / arresto;Conducente;M;Illeso;0;;Utilizzato;Inesistente
1854883;15;05/11/2010 07:05;Strada Urbana;VIALE GUGLIELMO MARCONI;in corrispondenza;;del civico n. ;280;;Investimento di pedone;Rettilineo;Una carreggiata a doppio senso;Asciutto;Asfaltata;Verticale ed orizzontale;Sereno;Intenso;Buona;Ore Diurne;1;0;0;2;;;-1;;;;Pedone;M;Rimandato;0;NON DECEDUTO;;
1854883;15;05/11/2010 07:05;Strada Urbana;VIALE GUGLIELMO MARCONI;in corrispondenza;;del civico n. ;280;;Investimento di pedone;Rettilineo;Una carreggiata a doppio senso;Asciutto;Asfaltata;Verticale ed orizzontale;Sereno;Intenso;Buona;Ore Diurne;1;0;0;2;;;-1;1;Autovettura privata;In marcia / fermata / arresto;Conducente;M;Illeso;0;;Utilizzato;Inesistente
1854883;15;05/11/2010 07:05;Strada Urbana;VIALE GUGLIELMO MARCONI;in corrispondenza;;del civico n. ;280;;Investimento di pedone;Rettilineo;Una carreggiata a doppio senso;Asciutto;Asfaltata;Verticale ed orizzontale;Sereno;Intenso;Buona;Ore Diurne;1;0;0;2;;;-1;1;Autovettura privata;In marcia / fermata / arresto;Passeggero;F;Illeso;0;;Utilizzato;Inesistente
1854884;15;06/11/2010 00:05;Strada Urbana;PIAZZA AUGUSTO RIGHI;all'intersezione semaforizzata con;PONTE GUGLIELMO MARCONI;PONTE GUGLIELMO MARCONI;;;Scontro laterale fra veicoli in marcia;Intersezione semaforizzata;Una carreggiata a doppio senso;Asciutto;Asfaltata;Verticale ed orizzontale;Sereno;Scarso;Buona;Sufficiente;1;0;0;3;;;-1;1;Autovettura privata;In marcia / fermata / arresto;Conducente;M;Illeso;0;;Non accertato;Inesploso
1854884;15;06/11/2010 00:05;Strada Urbana;PIAZZA AUGUSTO RIGHI;all'intersezione semaforizzata con;PONTE GUGLIELMO MARCONI;PONTE GUGLIELMO MARCONI;;;Scontro laterale fra veicoli in marcia;Intersezione semaforizzata;Una carreggiata a doppio senso;Asciutto;Asfaltata;Verticale ed orizzontale;Sereno;Scarso;Buona;Sufficiente;1;0;0;3;;;-1;1;Autovettura privata;In marcia / fermata / arresto;Passeggero;M;Illeso;0;;Non accertato;Inesploso
1854884;15;06/11/2010 00:05;Strada Urbana;PIAZZA AUGUSTO RIGHI;all'intersezione semaforizzata con;PONTE GUGLIELMO MARCONI;PONTE GUGLIELMO MARCONI;;;Scontro laterale fra veicoli in marcia;Intersezione semaforizzata;Una carreggiata a doppio senso;Asciutto;Asfaltata;Verticale ed orizzontale;Sereno;Scarso;Buona;Sufficiente;1;0;0;3;;;-1;1;Autovettura privata;In marcia / fermata / arresto;Passeggero;M;Illeso;0;;Non accertato;Inesploso
1854884;15;06/11/2010 00:05;Strada Urbana;PIAZZA AUGUSTO RIGHI;all'intersezione semaforizzata con;PONTE GUGLIELMO MARCONI;PONTE GUGLIELMO MARCONI;;;Scontro laterale fra veicoli in marcia;Intersezione semaforizzata;Una carreggiata a doppio senso;Asciutto;Asfaltata;Verticale ed orizzontale;Sereno;Scarso;Buona;Sufficiente;1;0;0;3;;;-1;2;Motociclo a solo;In marcia / fermata / arresto;Conducente;M;Rimandato;0;NON DECEDUTO;Non accertato;Inesistente
1854885;15;06/11/2010 17:35;Provinciale;VIA PORTUENSE;all'intersezione semaforizzata con;VIA DELLA MAGLIANA;VIA DELLA MAGLIANA;;;Scontro frontale/laterale SX fra veicoli in marcia;Intersezione semaforizzata;Una carreggiata a doppio senso;Asciutto;Asfaltata;Verticale ed orizzontale;Sereno;Normale;Buona;Sufficiente;2;0;0;3;;;-1;1;Autovettura privata;In marcia / fermata / arresto;Conducente;M;Rimandato;0;NON DECEDUTO;Utilizzato;Inesistente
1854885;15;06/11/2010 17:35;Provinciale;VIA PORTUENSE;all'intersezione semaforizzata con;VIA DELLA MAGLIANA;VIA DELLA MAGLIANA;;;Scontro frontale/laterale SX fra veicoli in marcia;Intersezione semaforizzata;Una carreggiata a doppio senso;Asciutto;Asfaltata;Verticale ed orizzontale;Sereno;Normale;Buona;Sufficiente;2;0;0;3;;;-1;1;Autovettura privata;In marcia / fermata / arresto;Passeggero;F;Rimandato;0;NON DECEDUTO;Utilizzato;Inesistente