Protocollo;Gruppo;DataOraIncidente;Localizzazione1;STRADA1;Localizzazione2;STRADA2;Strada02;Chilometrica;DaSpecificare;NaturaIncidente;particolaritastrade;TipoStrada;FondoStradale;Pavimentazione;Segnaletica;CondizioneAtmosferica;Traffico;Visibilita;Illuminazione;NUM_FERITI;NUM_RISERVATA;NUM_MORTI;NUM_ILLESI;Longitudine;Latitudine;Confermato;Progressivo;TipoVeicolo;StatoVeicolo;TipoPersona;Sesso;Tipolesione;Deceduto;DecedutoDopo;CinturaCascoUtilizzato;Airbag
1856241;19;21/11/2010 15:15;Strada Urbana;VIA REZZATO;all'intersezione con;VIA CISLAGO;VIA CISLAGO;;;Scontro laterale fra veicoli in marcia;Incrocio;Una carreggiata a doppio senso;Bagnato (pioggia);Asfaltata;Verticale;Pioggia in atto;Scarso;Buona;Ore Diurne;0;0;0;4;;;-1;2;Autovettura privata;In marcia / fermata / arresto;Passeggero;M;Illeso;0;;Non accertato;Inesploso
1856242;19;21/11/2010 16:45;Strada Urbana;LARGO GIORGIO MACCAGNO;all'intersezione con;VIA ROMEO RODRIGUEZ PEREIRA;VIA ROMEO RODRIGUEZ PEREIRA;;;Scontro frontale/laterale SX fra veicoli in marcia;Incrocio;Una carreggiata a doppio senso;Bagnato (pioggia);Asfaltata;Verticale ed orizzontale;Pioggia in atto;Scarso;Buona;Ore Diurne;0;0;0;4;;;-1;1;Autovettura privata;In marcia / fermata / arresto;Conducente;M;Illeso;0;;Non accertato;Inesistente
1856242;19;21/11/2010 16:45;Strada Urbana;LARGO GIORGIO MACCAGNO;all'intersezione con;VIA ROMEO RODRIGUEZ PEREIRA;VIA ROMEO RODRIGUEZ PEREIRA;;;Scontro frontale/laterale SX fra veicoli in marcia;Incrocio;Una carreggiata a doppio senso;Bagnato (pioggia);Asfaltata;Verticale ed orizzontale;Pioggia in atto;Scarso;Buona;Ore Diurne;0;0;0;4;;;-1;1;Autovettura privata;In marcia / fermata / arresto;Passeggero;F;Illeso;0;;Non accertato;Inesistente
1856242;19;21/11/2010 16:45;Strada Urbana;LARGO GIORGIO MACCAGNO;all'intersezione con;VIA ROMEO RODRIGUEZ PEREIRA;VIA ROMEO RODRIGUEZ PEREIRA;;;Scontro frontale/laterale SX fra veicoli in marcia;Incrocio;Una carreggiata a doppio senso;Bagnato (pioggia);Asfaltata;Verticale ed orizzontale;Pioggia in atto;Scarso;Buona;Ore Diurne;0;0;0;4;;;-1;1;Autovettura privata;In marcia / fermata / arresto;Passeggero;M;Illeso;0;;Non accertato;Inesistente
1856242;19;21/11/2010 16:45;Strada Urbana;LARGO GIORGIO MACCAGNO;all'intersezione con;VIA ROMEO RODRIGUEZ PEREIRA;VIA ROMEO RODRIGUEZ PEREIRA;;;Scontro frontale/laterale SX fra veicoli in marcia;Incrocio;Una carreggiata a doppio senso;Bagnato (pioggia);Asfaltata;Verticale ed orizzontale;Pioggia in atto;Scarso;Buona;Ore Diurne;0;0;0;4;;;-1;2;Autovettura privata;In marcia / fermata / arresto;Conducente;F;Illeso;0;;Non accertato;Inesistente
1856243;19;21/11/2010 17:40;Strada Urbana;GALLERIA GIOVANNI XXIII;da specificare;;;;prossimità rampa MARIO FANI;Veicolo in marcia contro ostacolo accidentale;Galleria illuminata;Una carreggiata a senso unico di marcia;Bagnato (umidità in atto);Asfaltata;Verticale ed orizzontale;Sereno;Normale;Buona;Ore Diurne;0;0;0;1;;;-1;1;Autovettura privata;In marcia / fermata / arresto;Conducente;M;Illeso;0;;Non accertato;Inesistente
1856244;19;21/11/2010 17:40;Strada Urbana;GALLERIA GIOVANNI XXIII;da specificare;;;;rampa accesso Via Mario Fani circa 30 mt. prima;Scontro frontale fra veicoli in marcia;Galleria illuminata;Una carreggiata a senso unico di marcia;Bagnato (pioggia);Asfaltata;Verticale ed orizzontale;Pioggia in atto;Normale;Buona;Sufficiente;0;0;0;1;;;-1;1;Autovettura privata;In marcia / fermata / arresto;Conducente;F;Illeso;0;;Non accertato;Inesistente
1856245;19;21/11/2010 19:15;Strada Urbana;VIALE MONFORTANI;da specificare;;;;altezza Via Eugenio Tanzi;Scontro frontale fra veicoli in marcia;Rettilineo;Una carreggiata a doppio senso;Bagnato (pioggia);Asfaltata;Verticale ed orizzontale;Pioggia in atto;Normale;Sufficiente;Sufficiente;0;0;0;1;;;-1;1;Autovettura privata;In marcia / fermata / arresto;Conducente;M;Illeso;0;;Non accertato;Inesploso
1856246;19;22/11/2010 07:45;Strada Urbana;VIA TRIONFALE;in corrispondenza;;del civico n. ;9550;;Scontro laterale fra veicoli in marcia;Rettilineo;Una carreggiata a doppio senso;Bagnato (pioggia);Asfaltata;Verticale ed orizzontale;Sereno;Intenso;Buona;Ore Diurne;1;0;0;3;;;-1;1;Ciclomotore;In marcia / fermata / arresto;Conducente;M;Rifiuta cure immediate;0;NON DECEDUTO;Non accertato;Inesistente
1856246;19;22/11/2010 07:45;Strada Urbana;VIA TRIONFALE;in corrispondenza;;del civico n. ;9550;;Scontro laterale fra veicoli in marcia;Rettilineo;Una carreggiata a doppio senso;Bagnato (pioggia);Asfaltata;Verticale ed orizzontale;Sereno;Intenso;Buona;Ore Diurne;1;0;0;3;;;-1;2;Autovettura privata;In marcia / fermata / arresto;Conducente;M;Illeso;0;;Non accertato;Inesistente
1856246;19;22/11/2010 07:45;Strada Urbana;VIA TRIONFALE;in corrispondenza;;del civico n. ;9550;;Scontro laterale fra veicoli in marcia;Rettilineo;Una carreggiata a doppio senso;Bagnato (pioggia);Asfaltata;Verticale ed orizzontale;Sereno;Intenso;Buona;Ore Diurne;1;0;0;3;;;-1;2;Autovettura privata;In marcia / fermata / arresto;Passeggero;M;Illeso;0;;Non accertato;Inesistente
1856247;19;22/11/2010 08:30;Strada Urbana;VIA TRIONFALE;in corrispondenza;;del civico n. ;8187;;Tamponamento;Rettilineo;Una carreggiata a senso unico di marcia;Bagnato (pioggia);Asfaltata;Verticale ed orizzontale;Pioggia in atto;Intenso;Buona;Ore Diurne;1;0;0;2;;;-1;1;Autovettura privata;In marcia / fermata / arresto;Conducente;F;Illeso;0;;Utilizzato;Inesploso
1856247;19;22/11/2010 08:30;Strada Urbana;VIA TRIONFALE;in corrispondenza;;del civico n. ;8187;;Tamponamento;Rettilineo;Una carreggiata a senso unico di marcia;Bagnato (pioggia);Asfaltata;Verticale ed orizzontale;Pioggia in atto;Intenso;Buona;Ore Diurne;1;0;0;2;;;-1;2;Autovettura privata;In marcia / fermata / arresto;Conducente;F;Illeso;0;;Utilizzato;Inesploso
1856247;19;22/11/2010 08:30;Strada Urbana;VIA TRIONFALE;in corrispondenza;;del civico n. ;8187;;Tamponamento;Rettilineo;Una carreggiata a senso unico di marcia;Bagnato (pioggia);Asfaltata;Verticale ed orizzontale;Pioggia in atto;Intenso;Buona;Ore Diurne;1;0;0;2;;;-1;3;Motociclo a solo;In marcia / fermata / arresto;Conducente;M;Rimandato;0;NON DECEDUTO;Utilizzato;Inesistente
1856248;19;22/11/2010 10:30;Strada Urbana;GALLERIA GIOVANNI XXIII;in corrispondenza;;della chilometrica ;1,57;;Fuoriuscita dalla sede stradale;Galleria illuminata;Una carreggiata a senso unico di marcia;Bagnato (pioggia);Asfaltata;Orizzontale;Pioggia in atto;Normale;Buona;Ore Diurne;0;0;0;1;;;-1;1;Autovettura privata;In marcia / fermata / arresto;Conducente;M;Illeso;0;;Utilizzato;Inesploso
1856249;2;17/11/2010 18:00;Strada Urbana;PIAZZA EUCLIDE;da specificare;;;;in prossimità fronte civico 36;Scontro laterale fra veicoli in marcia;Curva a visuale libera;Una carreggiata a senso unico di marcia;Asciutto;Asfaltata;Verticale ed orizzontale;Sereno;Normale;Sufficiente;Sufficiente;1;0;0;1;;;-1;1;Motociclo a solo;In marcia / fermata / arresto;Conducente;M;Rifiuta cure immediate;0;NON DECEDUTO;Non accertato;Inesistente
1856249;2;17/11/2010 18:00;Strada Urbana;PIAZZA EUCLIDE;da specificare;;;;in prossimità fronte civico 36;Scontro laterale fra veicoli in marcia;Curva a visuale libera;Una carreggiata a senso unico di marcia;Asciutto;Asfaltata;Verticale ed orizzontale;Sereno;Normale;Sufficiente;Sufficiente;1;0;0;1;;;-1;2;Autovettura privata;In marcia / fermata / arresto;Conducente;M;Illeso;0;;Non accertato;Inesistente
1856250;2;17/11/2010 14:15;Strada Urbana;VIA TRIPOLITANIA;da specificare;;;;altezza Via Dire Daua ;Veicolo in marcia contro ostacolo accidentale;Rettilineo;Una carreggiata a senso unico di marcia;Asciutto;Asfaltata;Verticale ed orizzontale;Sereno;Scarso;Buona;Ore Diurne;1;0;0;0;;;-1;1;Ciclomotore;In marcia / fermata / arresto;Conducente;M;Rimandato;0;NON DECEDUTO;Non accertato;Inesistente
1856251;2;18/11/2010 14:40;Strada Urbana;VIALE DELLE BELLE ARTI;da specificare;;;;fronte museo nazionale etrusco;Scontro frontale/laterale SX fra veicoli in marcia;Curva a visuale libera;Una carreggiata a doppio senso;Bagnato (pioggia);Asfaltata;Verticale ed orizzontale;Pioggia in atto;Normale;Buona;Ore Diurne;3;0;0;1;;;-1;1;Autovettura privata;In marcia / fermata / arresto;Conducente;F;Illeso;0;;Non accertato;Inesistente
1856251;2;18/11/2010 14:40;Strada Urbana;VIALE DELLE BELLE ARTI;da specificare;;;;fronte museo nazionale etrusco;Scontro frontale/laterale SX fra veicoli in marcia;Curva a visuale libera;Una carreggiata a doppio senso;Bagnato (pioggia);Asfaltata;Verticale ed orizzontale;Pioggia in atto;Normale;Buona;Ore Diurne;3;0;0;1;;;-1;2;Motociclo a solo;In marcia / fermata / arresto;Conducente;F;Rimandato;0;NON DECEDUTO;Non accertato;Inesistente
1856251;2;18/11/2010 14:40;Strada Urbana;VIALE DELLE BELLE ARTI;da specificare;;;;fronte museo nazionale etrusco;Scontro frontale/laterale SX fra veicoli in marcia;Curva a visuale libera;Una carreggiata a doppio senso;Bagnato (pioggia);Asfaltata;Verticale ed orizzontale;Pioggia in atto;Normale;Buona;Ore Diurne;3;0;0;1;;;-1;2;Motociclo a solo;In marcia / fermata / arresto;Passeggero;M;Rifiuta cure immediate;0;NON DECEDUTO;Non accertato;Inesistente
1856251;2;18/11/2010 14:40;Strada Urbana;VIALE DELLE BELLE ARTI;da specificare;;;;fronte museo nazionale etrusco;Scontro frontale/laterale SX fra veicoli in marcia;Curva a visuale libera;Una carreggiata a doppio senso;Bagnato (pioggia);Asfaltata;Verticale ed orizzontale;Pioggia in atto;Normale;Buona;Ore Diurne;3;0;0;1;;;-1;3;Ciclomotore;In marcia / fermata / arresto;Conducente;F;Rimandato;0;NON DECEDUTO;Non accertato;Inesistente
1856252;2;18/11/2010 17:50;Strada Urbana;VIA VIRGINIO VESPIGNANI;all'intersezione con;LUNGOTEVERE FLAMINIO;LUNGOTEVERE FLAMINIO;;;Scontro frontale/laterale DX fra veicoli in marcia;Incrocio;Una carreggiata a doppio senso;Bagnato (pioggia);Asfaltata;Verticale ed orizzontale;Pioggia in atto;Intenso;Buona;Sufficiente;1;0;0;1;;;-1;1;Motociclo a solo;In marcia / fermata / arresto;Conducente;M;Rifiuta cure immediate;0;NON DECEDUTO;Non accertato;Inesistente
1856252;2;18/11/2010 17:50;Strada Urbana;VIA VIRGINIO VESPIGNANI;all'intersezione con;LUNGOTEVERE FLAMINIO;LUNGOTEVERE FLAMINIO;;;Scontro frontale/laterale DX fra veicoli in marcia;Incrocio;Una carreggiata a doppio senso;Bagnato (pioggia);Asfaltata;Verticale ed orizzontale;Pioggia in atto;Intenso;Buona;Sufficiente;1;0;0;1;;;-1;2;Autovettura privata;In marcia / fermata / arresto;Conducente;M;Illeso;0;;Non accertato;Inesistente
1856253;2;18/11/2010 19:15;Strada Urbana;CORSO TRIESTE;all'intersezione con;VIALE GORIZIA;VIALE GORIZIA;;;Scontro laterale fra veicoli in marcia;Incrocio;Due carreggiate;Bagnato (pioggia);Asfaltata;Orizzontale;Pioggia in atto;Normale;Sufficiente;Sufficiente;0;0;0;2;;;-1;1;Motociclo a solo;In marcia / fermata / arresto;Conducente;F;Illeso;0;;Non accertato;Inesistente
1856253;2;18/11/2010 19:15;Strada Urbana;CORSO TRIESTE;all'intersezione con;VIALE GORIZIA;VIALE GORIZIA;;;Scontro laterale fra veicoli in marcia;Incrocio;Due carreggiate;Bagnato (pioggia);Asfaltata;Orizzontale;Pioggia in atto;Normale;Sufficiente;Sufficiente;0;0;0;2;;;-1;2;Autovettura privata;In marcia / fermata / arresto;Conducente;F;Illeso;0;;Non accertato;Inesistente
1856254;2;18/11/2010 21:20;Strada Urbana;VIALE DEL MURO TORTO;da specificare;;;;alt. Ple Brasile dir. Ple Flaminio;Veicolo in marcia contro ostacolo fisso;Rettilineo;Due carreggiate;Bagnato (pioggia);Asfaltata;Orizzontale;Pioggia in atto;Normale;Sufficiente;Ore Diurne;0;0;0;1;;;-1;1;Autovettura privata;In marcia / fermata / arresto;Conducente;M;Illeso;0;;Non accertato;Inesploso
1856255;2;18/11/2010 18:00;Strada Urbana;VIALE BRUNO BUOZZI;in corrispondenza;;del civico n. ;82;;Infortunio per sola frenata improvvisa;Rettilineo;Una carreggiata a doppio senso;Bagnato (pioggia);Asfaltata;Verticale ed orizzontale;Nuvoloso;Normale;Buona;Sufficiente;1;0;0;1;;;-1;1;Motociclo a solo;In marcia / fermata / arresto;Conducente;F;Rimandato;0;NON DECEDUTO;Non accertato;Inesistente
1856255;2;18/11/2010 18:00;Strada Urbana;VIALE BRUNO BUOZZI;in corrispondenza;;del civico n. ;82;;Infortunio per sola frenata improvvisa;Rettilineo;Una carreggiata a doppio senso;Bagnato (pioggia);Asfaltata;Verticale ed orizzontale;Nuvoloso;Normale;Buona;Sufficiente;1;0;0;1;;;-1;2;Autovettura privata;Sosta;Passeggero;F;Illeso;0;;Non accertato;Inesistente
1856256;2;18/11/2010 23:15;Strada Urbana;VIA FILIPPO MARCHETTI;da specificare;;;;fronte civico 27;Veicolo in marcia contro veicoli fermi;Rettilineo;Una carreggiata a senso unico di marcia;Bagnato (umidità in atto);Asfaltata;Verticale ed orizzontale;Nuvoloso;Scarso;Buona;Sufficiente;1;0;0;0;;;-1;1;Autovettura privata;Sosta;Conducente;M;Rifiuta cure immediate;0;NON DECEDUTO;Non accertato;Inesistente
1856257;2;18/11/2010 22:30;Strada Urbana;VIA SALARIA;in corrispondenza;;del civico n. ;267;;Scontro frontale/laterale DX fra veicoli in marcia;Rettilineo;Una carreggiata a doppio senso;Bagnato (pioggia);Asfaltata;Verticale ed orizzontale;Nuvoloso;Scarso;Buona;Sufficiente;1;0;0;1;;;-1;1;Motociclo a solo;In marcia / fermata / arresto;Conducente;M;Rifiuta cure immediate;0;NON DECEDUTO;Non accertato;Inesistente
1856257;2;18/11/2010 22:30;Strada Urbana;VIA SALARIA;in corrispondenza;;del civico n. ;267;;Scontro frontale/laterale DX fra veicoli in marcia;Rettilineo;Una carreggiata a doppio senso;Bagnato (pioggia);Asfaltata;Verticale ed orizzontale;Nuvoloso;Scarso;Buona;Sufficiente;1;0;0;1;;;-1;2;Autovettura privata;In marcia / fermata / arresto;Conducente;M;Illeso;0;;Non accertato;Inesistente
1856258;2;18/11/2010 15:15;Strada Urbana;VIALE ROMANIA;all'intersezione con;VIA VITTORIO LOCCHI;VIA VITTORIO LOCCHI;;;Scontro frontale/laterale DX fra veicoli in marcia;Intersezione stradale segnalata;Una carreggiata a doppio senso;Bagnato (pioggia);Asfaltata;Verticale;Pioggia in atto;Normale;Buona;Ore Diurne;0;0;0;3;;;-1;1;Motociclo a solo;In marcia / fermata / arresto;Conducente;M;Illeso;0;;Non accertato;Inesistente
1856258;2;18/11/2010 15:15;Strada Urbana;VIALE ROMANIA;all'intersezione con;VIA VITTORIO LOCCHI;VIA VITTORIO LOCCHI;;;Scontro frontale/laterale DX fra veicoli in marcia;Intersezione stradale segnalata;Una carreggiata a doppio senso;Bagnato (pioggia);Asfaltata;Verticale;Pioggia in atto;Normale;Buona;Ore Diurne;0;0;0;3;;;-1;2;Autovettura privata;In marcia / fermata / arresto;Conducente;F;Illeso;0;;Non accertato;Inesploso
1856258;2;18/11/2010 15:15;Strada Urbana;VIALE ROMANIA;all'intersezione con;VIA VITTORIO LOCCHI;VIA VITTORIO LOCCHI;;;Scontro frontale/laterale DX fra veicoli in marcia;Intersezione stradale segnalata;Una carreggiata a doppio senso;Bagnato (pioggia);Asfaltata;Verticale;Pioggia in atto;Normale;Buona;Ore Diurne;0;0;0;3;;;-1;2;Autovettura privata;In marcia / fermata / arresto;Passeggero;M;Illeso;0;;Non accertato;Inesploso
1856259;2;18/11/2010 09:45;Strada Urbana;VIALE MARESCIALLO PILSUDSKI;in prossimità;;del civico n. ;90;;Scontro frontale/laterale DX fra veicoli in marcia;Rettilineo;Una carreggiata a doppio senso;Asciutto;Asfaltata;Verticale ed orizzontale;Nuvoloso;Normale;Buona;Ore Diurne;0;0;0;2;;;-1;1;Autovettura privata;In marcia / fermata / arresto;Conducente;M;Illeso;0;;Non accertato;Inesistente
1856259;2;18/11/2010 09:45;Strada Urbana;VIALE MARESCIALLO PILSUDSKI;in prossimità;;del civico n. ;90;;Scontro frontale/laterale DX fra veicoli in marcia;Rettilineo;Una carreggiata a doppio senso;Asciutto;Asfaltata;Verticale ed orizzontale;Nuvoloso;Normale;Buona;Ore Diurne;0;0;0;2;;;-1;2;Motociclo a solo;In marcia / fermata / arresto;Conducente;M;Illeso;0;;Non accertato;Inesistente
1856261;2;19/11/2010 07:15;Strada Urbana;VIALE TIZIANO;all'intersezione con;VIA FRATELLI ARCHIBUGI;VIA FRATELLI ARCHIBUGI;;;Infortunio per caduta del veicolo;Incrocio;Una carreggiata a senso unico di marcia;Viscido da liquidi oleosi;Asfaltata;Orizzontale;Nuvoloso;Normale;Buona;Ore Diurne;1;0;0;0;;;-1;1;Motociclo a solo;In marcia / fermata / arresto;Conducente;M;Rifiuta cure immediate;0;NON DECEDUTO;Non accertato;Inesistente
1856262;2;19/11/2010 10:20;Strada Urbana;PIAZZALE DI VILLA GIULIA;all'intersezione con;VIALE DELLE BELLE ARTI;VIALE DELLE BELLE ARTI;;;Scontro frontale/laterale DX fra veicoli in marcia;Incrocio;Una carreggiata a senso unico di marcia;Bagnato (umidità in atto);Asfaltata;Verticale ed orizzontale;Nuvoloso;Normale;Buona;Ore Diurne;1;0;0;1;;;-1;1;Autovettura pubblica;In marcia / fermata / arresto;Conducente;M;Illeso;0;;Non accertato;Inesistente
1856262;2;19/11/2010 10:20;Strada Urbana;PIAZZALE DI VILLA GIULIA;all'intersezione con;VIALE DELLE BELLE ARTI;VIALE DELLE BELLE ARTI;;;Scontro frontale/laterale DX fra veicoli in marcia;Incrocio;Una carreggiata a senso unico di marcia;Bagnato (umidità in atto);Asfaltata;Verticale ed orizzontale;Nuvoloso;Normale;Buona;Ore Diurne;1;0;0;1;;;-1;2;Motociclo a solo;In marcia / fermata / arresto;Conducente;M;Rimandato;0;NON DECEDUTO;Non accertato;Inesistente
1856263;2;19/11/2010 12:40;Strada Urbana;VIALE PARIOLI;in corrispondenza;;del civico n. ;95;;Veicoli in marcia contro veicoli fermi;Rettilineo;Una carreggiata a doppio senso;Bagnato (pioggia);Asfaltata;Verticale ed orizzontale;Nuvoloso;Normale;Buona;Ore Diurne;1;0;0;1;;;-1;1;Autocarro inferiore 35 q.;In marcia / fermata / arresto;Conducente;M;Illeso;0;;Non accertato;Inesistente
1856263;2;19/11/2010 12:40;Strada Urbana;VIALE PARIOLI;in corrispondenza;;del civico n. ;95;;Veicoli in marcia contro veicoli fermi;Rettilineo;Una carreggiata a doppio senso;Bagnato (pioggia);Asfaltata;Verticale ed orizzontale;Nuvoloso;Normale;Buona;Ore Diurne;1;0;0;1;;;-1;2;Ciclomotore;In marcia / fermata / arresto;Conducente;M;Rimandato;0;NON DECEDUTO;Non accertato;Inesistente
1856264;2;19/11/2010 17:45;Strada Urbana;PIAZZA EUCLIDE;da specificare;;;;fronte civ. 48 alt. spartitraffico centrale;Scontro laterale fra veicoli in marcia;Rettilineo;Due carreggiate;Bagnato (pioggia);Asfaltata;Assente;Nuvoloso;Intenso;Sufficiente;Ore Diurne;0;0;0;4;;;-1;1;Autovettura privata;In marcia / fermata / arresto;Conducente;M;Illeso;0;;Non accertato;Inesploso
1856264;2;19/11/2010 17:45;Strada Urbana;PIAZZA EUCLIDE;da specificare;;;;fronte civ. 48 alt. spartitraffico centrale;Scontro laterale fra veicoli in marcia;Rettilineo;Due carreggiate;Bagnato (pioggia);Asfaltata;Assente;Nuvoloso;Intenso;Sufficiente;Ore Diurne;0;0;0;4;;;-1;1;Autovettura privata;In marcia / fermata / arresto;Passeggero;M;Illeso;0;;Non accertato;Inesploso
1856264;2;19/11/2010 17:45;Strada Urbana;PIAZZA EUCLIDE;da specificare;;;;fronte civ. 48 alt. spartitraffico centrale;Scontro laterale fra veicoli in marcia;Rettilineo;Due carreggiate;Bagnato (pioggia);Asfaltata;Assente;Nuvoloso;Intenso;Sufficiente;Ore Diurne;0;0;0;4;;;-1;2;Autovettura privata;In marcia / fermata / arresto;Conducente;M;Illeso;0;;Non accertato;Inesploso
1856264;2;19/11/2010 17:45;Strada Urbana;PIAZZA EUCLIDE;da specificare;;;;fronte civ. 48 alt. spartitraffico centrale;Scontro laterale fra veicoli in marcia;Rettilineo;Due carreggiate;Bagnato (pioggia);Asfaltata;Assente;Nuvoloso;Intenso;Sufficiente;Ore Diurne;0;0;0;4;;;-1;2;Autovettura privata;In marcia / fermata / arresto;Passeggero;F;Illeso;0;;Non accertato;Inesistente
1856265;2;19/11/2010 23:30;Strada Urbana;VIA DOMENICO CHELINI;in corrispondenza;;del civico n. ;20;;Veicolo in marcia contro ostacolo accidentale;Rettilineo;Una carreggiata a doppio senso;Bagnato (umidità in atto);Asfaltata;Orizzontale;Nuvoloso;Scarso;Sufficiente;Sufficiente;0;0;0;1;;;-1;1;Motociclo a solo;In marcia / fermata / arresto;Conducente;F;Illeso;0;;Non accertato;Inesistente
1856266;2;19/11/2010 16:45;Strada Urbana;VIA LIVENZA;da specificare;;;;pross. Via Tevere;Veicolo in marcia contro veicoli in sosta;Rettilineo;Una carreggiata a senso unico di marcia;Bagnato (pioggia);Asfaltata;Verticale ed orizzontale;Nuvoloso;Scarso;Buona;Ore Diurne;0;0;0;1;;;-1;3;Autovettura privata;In marcia / fermata / arresto;Conducente;M;Illeso;0;;Non accertato;Inesistente
1856267;2;20/11/2010 08:15;Strada Urbana;PIAZZA BARTOLOMEO GASTALDI;da specificare;;;;FRONTE VIA LUCIANI;Scontro laterale fra veicoli in marcia;Curva a visuale libera;Una carreggiata a senso unico di marcia;Asciutto;Acciotolata;Verticale ed orizzontale;Nuvoloso;Normale;Buona;Ore Diurne;0;0;0;3;;;-1;1;Autovettura di polizia;In marcia / fermata / arresto;Conducente;M;Illeso;0;;Non accertato;Inesistente
1856267;2;20/11/2010 08:15;Strada Urbana;PIAZZA BARTOLOMEO GASTALDI;da specificare;;;;FRONTE VIA LUCIANI;Scontro laterale fra veicoli in marcia;Curva a visuale libera;Una carreggiata a senso unico di marcia;Asciutto;Acciotolata;Verticale ed orizzontale;Nuvoloso;Normale;Buona;Ore Diurne;0;0;0;3;;;-1;1;Autovettura di polizia;In marcia / fermata / arresto;Passeggero;M;Illeso;0;;Non accertato;Inesistente
1856267;2;20/11/2010 08:15;Strada Urbana;PIAZZA BARTOLOMEO GASTALDI;da specificare;;;;FRONTE VIA LUCIANI;Scontro laterale fra veicoli in marcia;Curva a visuale libera;Una carreggiata a senso unico di marcia;Asciutto;Acciotolata;Verticale ed orizzontale;Nuvoloso;Normale;Buona;Ore Diurne;0;0;0;3;;;-1;2;Autovettura privata;In marcia / fermata / arresto;Conducente;M;Illeso;0;;Non accertato;Inesistente
1856268;2;20/11/2010 04:15;Strada Urbana;VIA DI S. COSTANZA;all'intersezione semaforizzata con;VIA CATTARO;VIA CATTARO;;;Scontro frontale/laterale DX fra veicoli in marcia;Intersezione semaforizzata;Una carreggiata a doppio senso;Asciutto;Asfaltata;Verticale ed orizzontale;Sereno;Scarso;Sufficiente;Sufficiente;0;0;0;3;;;-1;1;Autovettura pubblica;In marcia / fermata / arresto;Conducente;M;Illeso;0;;Non accertato;Inesistente
1856268;2;20/11/2010 04:15;Strada Urbana;VIA DI S. COSTANZA;all'intersezione semaforizzata con;VIA CATTARO;VIA CATTARO;;;Scontro frontale/laterale DX fra veicoli in marcia;Intersezione semaforizzata;Una carreggiata a doppio senso;Asciutto;Asfaltata;Verticale ed orizzontale;Sereno;Scarso;Sufficiente;Sufficiente;0;0;0;3;;;-1;2;Autovettura privata;In marcia / fermata / arresto;Conducente;M;Illeso;0;;Non accertato;Inesistente
1856268;2;20/11/2010 04:15;Strada Urbana;VIA DI S. COSTANZA;all'intersezione semaforizzata con;VIA CATTARO;VIA CATTARO;;;Scontro frontale/laterale DX fra veicoli in marcia;Intersezione semaforizzata;Una carreggiata a doppio senso;Asciutto;Asfaltata;Verticale ed orizzontale;Sereno;Scarso;Sufficiente;Sufficiente;0;0;0;3;;;-1;2;Autovettura privata;In marcia / fermata / arresto;Passeggero;M;Illeso;0;;Non accertato;Inesistente
1856269;20;21/11/2010 11:20;Strada Urbana;VIA DI VIGNA STELLUTI;all'intersezione con;VIA MARCO BESSO;VIA MARCO BESSO;;;Tamponamento Multiplo;Intersezione stradale segnalata;Una carreggiata a doppio senso;Asciutto;Asfaltata;Verticale ed orizzontale;Nuvoloso;Scarso;Buona;Ore Diurne;0;0;0;7;;;-1;1;Autovettura privata;In marcia / fermata / arresto;Conducente;M;Illeso;0;;Non accertato;Inesistente
1856269;20;21/11/2010 11:20;Strada Urbana;VIA DI VIGNA STELLUTI;all'intersezione con;VIA MARCO BESSO;VIA MARCO BESSO;;;Tamponamento Multiplo;Intersezione stradale segnalata;Una carreggiata a doppio senso;Asciutto;Asfaltata;Verticale ed orizzontale;Nuvoloso;Scarso;Buona;Ore Diurne;0;0;0;7;;;-1;1;Autovettura privata;In marcia / fermata / arresto;Passeggero;F;Illeso;0;;Non accertato;Inesistente
1856269;20;21/11/2010 11:20;Strada Urbana;VIA DI VIGNA STELLUTI;all'intersezione con;VIA MARCO BESSO;VIA MARCO BESSO;;;Tamponamento Multiplo;Intersezione stradale segnalata;Una carreggiata a doppio senso;Asciutto;Asfaltata;Verticale ed orizzontale;Nuvoloso;Scarso;Buona;Ore Diurne;0;0;0;7;;;-1;1;Autovettura privata;In marcia / fermata / arresto;Passeggero;M;Illeso;0;;Non accertato;Inesistente
1856269;20;21/11/2010 11:20;Strada Urbana;VIA DI VIGNA STELLUTI;all'intersezione con;VIA MARCO BESSO;VIA MARCO BESSO;;;Tamponamento Multiplo;Intersezione stradale segnalata;Una carreggiata a doppio senso;Asciutto;Asfaltata;Verticale ed orizzontale;Nuvoloso;Scarso;Buona;Ore Diurne;0;0;0;7;;;-1;2;Motociclo a solo;In marcia / fermata / arresto;Conducente;F;Illeso;0;;Non accertato;Inesistente
1856269;20;21/11/2010 11:20;Strada Urbana;VIA DI VIGNA STELLUTI;all'intersezione con;VIA MARCO BESSO;VIA MARCO BESSO;;;Tamponamento Multiplo;Intersezione stradale segnalata;Una carreggiata a doppio senso;Asciutto;Asfaltata;Verticale ed orizzontale;Nuvoloso;Scarso;Buona;Ore Diurne;0;0;0;7;;;-1;3;Autovettura privata;In marcia / fermata / arresto;Conducente;F;Illeso;0;;Non accertato;Inesistente