Protocollo;Gruppo;DataOraIncidente;Localizzazione1;STRADA1;Localizzazione2;STRADA2;Strada02;Chilometrica;DaSpecificare;NaturaIncidente;particolaritastrade;TipoStrada;FondoStradale;Pavimentazione;Segnaletica;CondizioneAtmosferica;Traffico;Visibilita;Illuminazione;NUM_FERITI;NUM_RISERVATA;NUM_MORTI;NUM_ILLESI;Longitudine;Latitudine;Confermato;Progressivo;TipoVeicolo;StatoVeicolo;TipoPersona;Sesso;Tipolesione;Deceduto;DecedutoDopo;CinturaCascoUtilizzato;Airbag
1856530;13;21/11/2010 17:15;Strada Urbana;VIA DELLE QUINQUEREMI;all'intersezione con;PIAZZA DEI CANOTTI;PIAZZA DEI CANOTTI;;;Scontro frontale/laterale DX fra veicoli in marcia;Incrocio;Una carreggiata a doppio senso;Bagnato (pioggia);Asfaltata;Verticale ed orizzontale;Pioggia in atto;Normale;Sufficiente;Sufficiente;1;0;0;5;;;-1;1;Autovettura privata;In marcia / fermata / arresto;Conducente;M;Illeso;0;;Non accertato;Inesploso
1856530;13;21/11/2010 17:15;Strada Urbana;VIA DELLE QUINQUEREMI;all'intersezione con;PIAZZA DEI CANOTTI;PIAZZA DEI CANOTTI;;;Scontro frontale/laterale DX fra veicoli in marcia;Incrocio;Una carreggiata a doppio senso;Bagnato (pioggia);Asfaltata;Verticale ed orizzontale;Pioggia in atto;Normale;Sufficiente;Sufficiente;1;0;0;5;;;-1;1;Autovettura privata;In marcia / fermata / arresto;Passeggero;M;Illeso;0;;Non accertato;Inesistente
1856530;13;21/11/2010 17:15;Strada Urbana;VIA DELLE QUINQUEREMI;all'intersezione con;PIAZZA DEI CANOTTI;PIAZZA DEI CANOTTI;;;Scontro frontale/laterale DX fra veicoli in marcia;Incrocio;Una carreggiata a doppio senso;Bagnato (pioggia);Asfaltata;Verticale ed orizzontale;Pioggia in atto;Normale;Sufficiente;Sufficiente;1;0;0;5;;;-1;1;Autovettura privata;In marcia / fermata / arresto;Passeggero;F;Illeso;0;;Non accertato;Inesistente
1856530;13;21/11/2010 17:15;Strada Urbana;VIA DELLE QUINQUEREMI;all'intersezione con;PIAZZA DEI CANOTTI;PIAZZA DEI CANOTTI;;;Scontro frontale/laterale DX fra veicoli in marcia;Incrocio;Una carreggiata a doppio senso;Bagnato (pioggia);Asfaltata;Verticale ed orizzontale;Pioggia in atto;Normale;Sufficiente;Sufficiente;1;0;0;5;;;-1;1;Autovettura privata;In marcia / fermata / arresto;Passeggero;F;Illeso;0;;Non accertato;Inesistente
1856530;13;21/11/2010 17:15;Strada Urbana;VIA DELLE QUINQUEREMI;all'intersezione con;PIAZZA DEI CANOTTI;PIAZZA DEI CANOTTI;;;Scontro frontale/laterale DX fra veicoli in marcia;Incrocio;Una carreggiata a doppio senso;Bagnato (pioggia);Asfaltata;Verticale ed orizzontale;Pioggia in atto;Normale;Sufficiente;Sufficiente;1;0;0;5;;;-1;1;Autovettura privata;In marcia / fermata / arresto;Passeggero;M;Rimandato;0;NON DECEDUTO;Non accertato;Inesistente
1856530;13;21/11/2010 17:15;Strada Urbana;VIA DELLE QUINQUEREMI;all'intersezione con;PIAZZA DEI CANOTTI;PIAZZA DEI CANOTTI;;;Scontro frontale/laterale DX fra veicoli in marcia;Incrocio;Una carreggiata a doppio senso;Bagnato (pioggia);Asfaltata;Verticale ed orizzontale;Pioggia in atto;Normale;Sufficiente;Sufficiente;1;0;0;5;;;-1;2;Autovettura privata;In marcia / fermata / arresto;Conducente;M;Illeso;0;;Non accertato;Inesistente
1856531;13;21/11/2010 13:30;Strada Urbana;PIAZZA DEI RAVENNATI;all'intersezione con;LUNGOMARE PAOLO TOSCANELLI;LUNGOMARE PAOLO TOSCANELLI;;;Tamponamento;Incrocio;Due carreggiate;Asciutto;Asfaltata;Verticale ed orizzontale;Nuvoloso;Normale;Buona;Ore Diurne;2;0;0;2;;;-1;1;Autovettura privata;In marcia / fermata / arresto;Conducente;M;Illeso;0;;Non accertato;Inesistente
1856531;13;21/11/2010 13:30;Strada Urbana;PIAZZA DEI RAVENNATI;all'intersezione con;LUNGOMARE PAOLO TOSCANELLI;LUNGOMARE PAOLO TOSCANELLI;;;Tamponamento;Incrocio;Due carreggiate;Asciutto;Asfaltata;Verticale ed orizzontale;Nuvoloso;Normale;Buona;Ore Diurne;2;0;0;2;;;-1;2;Autovettura privata;In marcia / fermata / arresto;Conducente;M;Rimandato;0;NON DECEDUTO;Non accertato;Inesploso
1856531;13;21/11/2010 13:30;Strada Urbana;PIAZZA DEI RAVENNATI;all'intersezione con;LUNGOMARE PAOLO TOSCANELLI;LUNGOMARE PAOLO TOSCANELLI;;;Tamponamento;Incrocio;Due carreggiate;Asciutto;Asfaltata;Verticale ed orizzontale;Nuvoloso;Normale;Buona;Ore Diurne;2;0;0;2;;;-1;2;Autovettura privata;In marcia / fermata / arresto;Passeggero;F;Rimandato;0;NON DECEDUTO;Non accertato;Inesploso
1856531;13;21/11/2010 13:30;Strada Urbana;PIAZZA DEI RAVENNATI;all'intersezione con;LUNGOMARE PAOLO TOSCANELLI;LUNGOMARE PAOLO TOSCANELLI;;;Tamponamento;Incrocio;Due carreggiate;Asciutto;Asfaltata;Verticale ed orizzontale;Nuvoloso;Normale;Buona;Ore Diurne;2;0;0;2;;;-1;2;Autovettura privata;In marcia / fermata / arresto;Passeggero;M;Illeso;0;;Non accertato;Inesistente
1856532;13;21/11/2010 11:15;Strada Urbana;VIA CESARE LAURENTI;all'intersezione con;VIA CAPO PALINURO;VIA CAPO PALINURO;;;Scontro frontale/laterale DX fra veicoli in marcia;Incrocio;Due carreggiate;Asciutto;Asfaltata;Assente;Nuvoloso;Scarso;Buona;Ore Diurne;1;0;0;3;;;-1;1;Autovettura privata;In marcia / fermata / arresto;Conducente;M;Illeso;0;;Non accertato;Inesploso
1856532;13;21/11/2010 11:15;Strada Urbana;VIA CESARE LAURENTI;all'intersezione con;VIA CAPO PALINURO;VIA CAPO PALINURO;;;Scontro frontale/laterale DX fra veicoli in marcia;Incrocio;Due carreggiate;Asciutto;Asfaltata;Assente;Nuvoloso;Scarso;Buona;Ore Diurne;1;0;0;3;;;-1;1;Autovettura privata;In marcia / fermata / arresto;Passeggero;F;Illeso;0;;Non accertato;Inesploso
1856532;13;21/11/2010 11:15;Strada Urbana;VIA CESARE LAURENTI;all'intersezione con;VIA CAPO PALINURO;VIA CAPO PALINURO;;;Scontro frontale/laterale DX fra veicoli in marcia;Incrocio;Due carreggiate;Asciutto;Asfaltata;Assente;Nuvoloso;Scarso;Buona;Ore Diurne;1;0;0;3;;;-1;2;Autovettura privata;In marcia / fermata / arresto;Conducente;M;Illeso;0;;Non accertato;Inesploso
1856532;13;21/11/2010 11:15;Strada Urbana;VIA CESARE LAURENTI;all'intersezione con;VIA CAPO PALINURO;VIA CAPO PALINURO;;;Scontro frontale/laterale DX fra veicoli in marcia;Incrocio;Due carreggiate;Asciutto;Asfaltata;Assente;Nuvoloso;Scarso;Buona;Ore Diurne;1;0;0;3;;;-1;2;Autovettura privata;In marcia / fermata / arresto;Passeggero;F;Rimandato;0;NON DECEDUTO;Non accertato;Inesploso
1856534;13;21/11/2010 07:00;Strada Urbana;VIA ERNESTO BOEZI;in corrispondenza;;del civico n. ;55/b;;Veicolo in marcia contro ostacolo accidentale;Rettilineo;Una carreggiata a doppio senso;Bagnato (umidità in atto);Con buche;Orizzontale;Nuvoloso;Scarso;Sufficiente;Ore Diurne;0;0;0;1;;;-1;1;Autovettura privata;In marcia / fermata / arresto;Conducente;M;Illeso;0;;Non accertato;Inesploso
1856535;13;22/11/2010 08:40;Strada Urbana;VIA MONVALLE;in corrispondenza;;del civico n. ;45;;Scontro frontale fra veicoli in marcia;Rettilineo;Una carreggiata a senso unico di marcia;Bagnato (pioggia);Asfaltata;Orizzontale;Pioggia in atto;Normale;Buona;Ore Diurne;0;0;0;2;;;-1;1;Autovettura privata;In marcia / fermata / arresto;Conducente;F;Illeso;0;;Non accertato;Inesploso
1856535;13;22/11/2010 08:40;Strada Urbana;VIA MONVALLE;in corrispondenza;;del civico n. ;45;;Scontro frontale fra veicoli in marcia;Rettilineo;Una carreggiata a senso unico di marcia;Bagnato (pioggia);Asfaltata;Orizzontale;Pioggia in atto;Normale;Buona;Ore Diurne;0;0;0;2;;;-1;1;Autovettura privata;In marcia / fermata / arresto;Passeggero;F;Illeso;0;;Non accertato;Inesistente
1856536;13;22/11/2010 08:20;Strada Urbana;VIA PIETRO ROSA;all'intersezione con;CORSO REGINA MARIA PIA;CORSO REGINA MARIA PIA;;;Scontro frontale/laterale SX fra veicoli in marcia;Incrocio;Una carreggiata a doppio senso;Bagnato (umidità in atto);Asfaltata;Verticale ed orizzontale;Nuvoloso;Normale;Sufficiente;Ore Diurne;0;0;0;5;;;-1;1;Autovettura privata;In marcia / fermata / arresto;Conducente;F;Illeso;0;;Non accertato;Inesploso
1856536;13;22/11/2010 08:20;Strada Urbana;VIA PIETRO ROSA;all'intersezione con;CORSO REGINA MARIA PIA;CORSO REGINA MARIA PIA;;;Scontro frontale/laterale SX fra veicoli in marcia;Incrocio;Una carreggiata a doppio senso;Bagnato (umidità in atto);Asfaltata;Verticale ed orizzontale;Nuvoloso;Normale;Sufficiente;Ore Diurne;0;0;0;5;;;-1;1;Autovettura privata;In marcia / fermata / arresto;Passeggero;F;Illeso;0;;Non accertato;Inesistente
1856536;13;22/11/2010 08:20;Strada Urbana;VIA PIETRO ROSA;all'intersezione con;CORSO REGINA MARIA PIA;CORSO REGINA MARIA PIA;;;Scontro frontale/laterale SX fra veicoli in marcia;Incrocio;Una carreggiata a doppio senso;Bagnato (umidità in atto);Asfaltata;Verticale ed orizzontale;Nuvoloso;Normale;Sufficiente;Ore Diurne;0;0;0;5;;;-1;2;Autovettura privata;In marcia / fermata / arresto;Conducente;F;Illeso;0;;Non accertato;Inesploso
1856536;13;22/11/2010 08:20;Strada Urbana;VIA PIETRO ROSA;all'intersezione con;CORSO REGINA MARIA PIA;CORSO REGINA MARIA PIA;;;Scontro frontale/laterale SX fra veicoli in marcia;Incrocio;Una carreggiata a doppio senso;Bagnato (umidità in atto);Asfaltata;Verticale ed orizzontale;Nuvoloso;Normale;Sufficiente;Ore Diurne;0;0;0;5;;;-1;2;Autovettura privata;In marcia / fermata / arresto;Passeggero;M;Illeso;0;;Non accertato;Inesistente
1856536;13;22/11/2010 08:20;Strada Urbana;VIA PIETRO ROSA;all'intersezione con;CORSO REGINA MARIA PIA;CORSO REGINA MARIA PIA;;;Scontro frontale/laterale SX fra veicoli in marcia;Incrocio;Una carreggiata a doppio senso;Bagnato (umidità in atto);Asfaltata;Verticale ed orizzontale;Nuvoloso;Normale;Sufficiente;Ore Diurne;0;0;0;5;;;-1;2;Autovettura privata;In marcia / fermata / arresto;Passeggero;M;Illeso;0;;Non accertato;Inesistente
1856537;13;22/11/2010 21:30;Strada Urbana;VIA TANCREDI CHIARALUCE;da specificare;;;;200 mt prima dell'int.ne con vlo di Tor Boacciana;Scontro frontale fra veicoli in marcia;Rettilineo;Una carreggiata a doppio senso;Bagnato (umidità in atto);Strada pavimentata dissestata;Orizzontale;Nuvoloso;Normale;Insufficiente;Insufficiente;0;0;0;1;;;-1;1;Autovettura di polizia;In marcia / fermata / arresto;Conducente;M;Illeso;0;;Non accertato;Inesistente
1856538;13;22/11/2010 09:00;Strada Urbana;VIA PAOLO STOPPA;all'intersezione con;VIA MASSIMO TROISI;VIA MASSIMO TROISI;;;Scontro frontale/laterale DX fra veicoli in marcia;Incrocio;Una carreggiata a doppio senso;Bagnato (umidità in atto);Asfaltata;Verticale ed orizzontale;Nuvoloso;Normale;Buona;Ore Diurne;1;0;0;1;;;-1;1;Autovettura privata;In marcia / fermata / arresto;Conducente;M;Rimandato;0;NON DECEDUTO;Non accertato;Inesistente
1856538;13;22/11/2010 09:00;Strada Urbana;VIA PAOLO STOPPA;all'intersezione con;VIA MASSIMO TROISI;VIA MASSIMO TROISI;;;Scontro frontale/laterale DX fra veicoli in marcia;Incrocio;Una carreggiata a doppio senso;Bagnato (umidità in atto);Asfaltata;Verticale ed orizzontale;Nuvoloso;Normale;Buona;Ore Diurne;1;0;0;1;;;-1;2;Autovettura privata;In marcia / fermata / arresto;Conducente;M;Illeso;0;;Non accertato;Inesploso
1856539;13;22/11/2010 10:30;Strada Urbana;VIALE DI CASTEL PORZIANO;in prossimità;;del civico n. ;463;;Scontro frontale fra veicoli in marcia;Rettilineo;Una carreggiata a doppio senso;Bagnato (umidità in atto);Strada pavimentata dissestata;Verticale ed orizzontale;Nuvoloso;Normale;Buona;Ore Diurne;0;0;0;1;;;-1;1;Autovettura privata;In marcia / fermata / arresto;Conducente;F;Illeso;0;;Non accertato;Inesistente
1856540;13;22/11/2010 10:30;Strada Urbana;VIALE DI CASTEL PORZIANO;in prossimità;;del civico n. ;463;;Scontro frontale fra veicoli in marcia;Rettilineo;Una carreggiata a doppio senso;Bagnato (pioggia);Con buche;Orizzontale;Nuvoloso;Normale;Buona;Ore Diurne;0;0;0;2;;;-1;1;Autovettura privata;In marcia / fermata / arresto;Conducente;M;Illeso;0;;Non accertato;Inesploso
1856540;13;22/11/2010 10:30;Strada Urbana;VIALE DI CASTEL PORZIANO;in prossimità;;del civico n. ;463;;Scontro frontale fra veicoli in marcia;Rettilineo;Una carreggiata a doppio senso;Bagnato (pioggia);Con buche;Orizzontale;Nuvoloso;Normale;Buona;Ore Diurne;0;0;0;2;;;-1;1;Autovettura privata;In marcia / fermata / arresto;Passeggero;F;Illeso;0;;Non accertato;Inesploso
1856541;13;22/11/2010 08:00;Strada Urbana;VIA FRANCESCO ORIOLI;in prossimità;;del civico n. ;26;;Veicolo in marcia contro ostacolo fisso;Rettilineo;Una carreggiata a doppio senso;Bagnato (pioggia);Asfaltata;Assente;Nuvoloso;Scarso;Buona;Ore Diurne;0;0;0;1;;;-1;1;Autogru;In marcia / fermata / arresto;Conducente;M;Illeso;0;;Non accertato;Inesistente
1856542;13;22/11/2010 08:20;Strada Urbana;VIA COSTANZO CASANA;all'intersezione con;VIA CARLO MARENCO DI MORIONDO;VIA CARLO MARENCO DI MORIONDO;;;Scontro frontale/laterale DX fra veicoli in marcia;Incrocio;Una carreggiata a doppio senso;Bagnato (pioggia);Asfaltata;Verticale ed orizzontale;Nuvoloso;Scarso;Buona;Ore Diurne;2;0;0;0;;;-1;1;Autovettura privata;In marcia / fermata / arresto;Conducente;F;Rimandato;0;NON DECEDUTO;Non accertato;Inesistente
1856542;13;22/11/2010 08:20;Strada Urbana;VIA COSTANZO CASANA;all'intersezione con;VIA CARLO MARENCO DI MORIONDO;VIA CARLO MARENCO DI MORIONDO;;;Scontro frontale/laterale DX fra veicoli in marcia;Incrocio;Una carreggiata a doppio senso;Bagnato (pioggia);Asfaltata;Verticale ed orizzontale;Nuvoloso;Scarso;Buona;Ore Diurne;2;0;0;0;;;-1;2;Autovettura privata;In marcia / fermata / arresto;Conducente;M;Rimandato;0;NON DECEDUTO;Non accertato;Inesistente
1856543;13;22/11/2010 08:15;Strada Urbana;VIA ERMANNO WOLF FERRARI;in prossimità;;del civico n. ;336;;Scontro frontale/laterale DX fra veicoli in marcia;Rettilineo;Una carreggiata a doppio senso;Bagnato (pioggia);Asfaltata;Orizzontale;Pioggia in atto;Normale;Buona;Ore Diurne;0;0;0;2;;;-1;1;Autovettura privata;In marcia / fermata / arresto;Conducente;F;Illeso;0;;Non accertato;Inesploso
1856543;13;22/11/2010 08:15;Strada Urbana;VIA ERMANNO WOLF FERRARI;in prossimità;;del civico n. ;336;;Scontro frontale/laterale DX fra veicoli in marcia;Rettilineo;Una carreggiata a doppio senso;Bagnato (pioggia);Asfaltata;Orizzontale;Pioggia in atto;Normale;Buona;Ore Diurne;0;0;0;2;;;-1;2;Autovettura privata;In marcia / fermata / arresto;Conducente;F;Illeso;0;;Non accertato;Inesploso
1856544;13;22/11/2010 17:25;Strada Urbana;VIA DI ACILIA;in corrispondenza;;del civico n. ;219;;Veicolo in marcia contro ostacolo accidentale;Rettilineo;Una carreggiata a doppio senso;Bagnato (pioggia);Con buche;Assente;Nuvoloso;Normale;Buona;Sufficiente;0;0;0;1;;;-1;1;Autovettura privata;In marcia / fermata / arresto;Conducente;M;Illeso;0;;Non accertato;Inesploso
1856545;13;22/11/2010 17:45;Strada Urbana;VIA MAR DEI CARAIBI;in corrispondenza;;del civico n. ;28;;Veicolo in marcia contro ostacolo accidentale;Rettilineo;Una carreggiata a doppio senso;Bagnato (pioggia);Asfaltata;Assente;Nuvoloso;Scarso;Sufficiente;Sufficiente;0;0;0;1;;;-1;1;Autovettura privata;In marcia / fermata / arresto;Conducente;F;Illeso;0;;Non accertato;Inesploso
1856546;13;22/11/2010 09:50;Strada Urbana;VIALE PAOLO ORLANDO;all'intersezione con;VIA OTTAVIO;VIA OTTAVIO;;;Veicolo in marcia contro ostacolo fisso;Incrocio;Due carreggiate;Bagnato (pioggia);Asfaltata;Assente;Nuvoloso;Normale;Buona;Ore Diurne;0;0;0;1;;;-1;1;Autovettura privata;In marcia / fermata / arresto;Conducente;F;Illeso;0;;Non accertato;Inesploso
1856547;15;18/11/2010 20:30;Strada Urbana;VIALE PARCO DE' MEDICI;da specificare;;;;fronte civico 9;Scontro frontale fra veicoli in marcia;Curva senza visuale libera;Due carreggiate;Bagnato (pioggia);Asfaltata;Verticale ed orizzontale;Pioggia in atto;Scarso;Sufficiente;Sufficiente;2;0;0;2;;;-1;1;Autovettura privata;In marcia / fermata / arresto;Conducente;M;Illeso;0;;Utilizzato;Inesistente
1856547;15;18/11/2010 20:30;Strada Urbana;VIALE PARCO DE' MEDICI;da specificare;;;;fronte civico 9;Scontro frontale fra veicoli in marcia;Curva senza visuale libera;Due carreggiate;Bagnato (pioggia);Asfaltata;Verticale ed orizzontale;Pioggia in atto;Scarso;Sufficiente;Sufficiente;2;0;0;2;;;-1;2;Autovettura privata;In marcia / fermata / arresto;Conducente;F;Illeso;0;;Utilizzato;Inesistente
1856547;15;18/11/2010 20:30;Strada Urbana;VIALE PARCO DE' MEDICI;da specificare;;;;fronte civico 9;Scontro frontale fra veicoli in marcia;Curva senza visuale libera;Due carreggiate;Bagnato (pioggia);Asfaltata;Verticale ed orizzontale;Pioggia in atto;Scarso;Sufficiente;Sufficiente;2;0;0;2;;;-1;2;Autovettura privata;In marcia / fermata / arresto;Passeggero;F;Rimandato;0;NON DECEDUTO;Utilizzato;Inesistente
1856547;15;18/11/2010 20:30;Strada Urbana;VIALE PARCO DE' MEDICI;da specificare;;;;fronte civico 9;Scontro frontale fra veicoli in marcia;Curva senza visuale libera;Due carreggiate;Bagnato (pioggia);Asfaltata;Verticale ed orizzontale;Pioggia in atto;Scarso;Sufficiente;Sufficiente;2;0;0;2;;;-1;2;Autovettura privata;In marcia / fermata / arresto;Passeggero;M;Rimandato;0;NON DECEDUTO;Utilizzato;Inesistente
1856548;15;18/11/2010 23:30;Strada Urbana;AUTOSTRADA ROMA AEROPORTO DI FIUMICINO;in corrispondenza;;della chilometrica ;0,1;;Veicolo in marcia contro ostacolo fisso;Curva a visuale libera;Due carreggiate;Bagnato (pioggia);Asfaltata;Orizzontale;Nuvoloso;Scarso;Buona;Sufficiente;0;0;0;1;;;-1;1;Autovettura privata;In marcia / fermata / arresto;Conducente;M;Illeso;0;;Utilizzato;Inesistente
1856549;15;19/11/2010 06:00;Strada Urbana;VIALE ISACCO NEWTON;da specificare;;;;prossimità uscita Portuense;Veicolo in marcia contro ostacolo fisso;Rettilineo;Due carreggiate;Asciutto;Asfaltata;Orizzontale;Sereno;Scarso;Buona;Sufficiente;1;0;0;0;;;-1;1;Autovettura privata;In marcia / fermata / arresto;Conducente;M;Ricoverato;0;NON DECEDUTO;Utilizzato;Inesistente
1856550;15;19/11/2010 10:10;Strada Urbana;VIA DELLA MAGLIANA;in prossimità;;del civico n. ;195;;Veicolo in marcia contro veicolo in sosta;Rettilineo;Una carreggiata a doppio senso;Asciutto;Asfaltata;Orizzontale;Nuvoloso;Normale;Buona;Ore Diurne;0;0;0;1;;;-1;2;Autovettura privata;In marcia / fermata / arresto;Conducente;F;Illeso;0;;Utilizzato;Inesistente
1856551;15;19/11/2010 21:00;Strada Urbana;VIA DELLA MAGLIANA;da specificare;;;;130 mt dopo il civico 854 direzione G.R.A.;Veicolo in marcia contro ostacolo fisso;Rettilineo;Una carreggiata a doppio senso;Bagnato (umidità in atto);Asfaltata;Orizzontale;Nuvoloso;Normale;Sufficiente;Sufficiente;1;0;0;0;;;-1;1;Autovettura privata;In marcia / fermata / arresto;Conducente;F;Rimandato;0;NON DECEDUTO;Esente;Esploso
1856552;15;20/11/2010 08:30;Provinciale entro l'abitato;VIA PORTUENSE;all'intersezione semaforizzata con;VIA USINI;VIA USINI;;;Scontro frontale fra veicoli in marcia;Intersezione semaforizzata;Una carreggiata a doppio senso;Bagnato (umidità in atto);Asfaltata;Verticale ed orizzontale;Nuvoloso;Normale;Buona;Ore Diurne;1;0;0;1;;;-1;1;Autovettura privata;In marcia / fermata / arresto;Conducente;M;Illeso;0;;Utilizzato;Inesistente
1856552;15;20/11/2010 08:30;Provinciale entro l'abitato;VIA PORTUENSE;all'intersezione semaforizzata con;VIA USINI;VIA USINI;;;Scontro frontale fra veicoli in marcia;Intersezione semaforizzata;Una carreggiata a doppio senso;Bagnato (umidità in atto);Asfaltata;Verticale ed orizzontale;Nuvoloso;Normale;Buona;Ore Diurne;1;0;0;1;;;-1;2;Autovettura privata;In marcia / fermata / arresto;Conducente;M;Rimandato;0;NON DECEDUTO;Utilizzato;Inesistente
1856553;15;21/11/2010 13:45;Strada Urbana;VIA FRANCESCO CRISPIGNI;da specificare;;;;IN PROSSIMITA'  FRONTE CIVICO 21;Veicolo in marcia contro veicolo in sosta;Rettilineo;Una carreggiata a doppio senso;Asciutto;Asfaltata;Verticale ed orizzontale;Nuvoloso;Scarso;Buona;Ore Diurne;0;0;0;2;;;-1;1;Autovettura privata;In marcia / fermata / arresto;Conducente;F;Illeso;0;;Utilizzato;Inesistente
1856553;15;21/11/2010 13:45;Strada Urbana;VIA FRANCESCO CRISPIGNI;da specificare;;;;IN PROSSIMITA'  FRONTE CIVICO 21;Veicolo in marcia contro veicolo in sosta;Rettilineo;Una carreggiata a doppio senso;Asciutto;Asfaltata;Verticale ed orizzontale;Nuvoloso;Scarso;Buona;Ore Diurne;0;0;0;2;;;-1;2;Autovettura privata;In marcia / fermata / arresto;Conducente;M;Illeso;0;;Utilizzato;Inesistente
1856554;15;21/11/2010 03:25;Strada Urbana;VIA QUIRINO MAJORANA;da specificare;;;;PROSSIMITA'  FRONTE CIVICO 6;Veicolo in marcia contro veicoli in sosta;Rettilineo;Una carreggiata a doppio senso;Bagnato (umidità in atto);Asfaltata;Orizzontale;Nuvoloso;Scarso;Buona;Ore Diurne;0;0;0;2;;;-1;1;Autovettura privata;In marcia / fermata / arresto;Conducente;F;Illeso;0;;Utilizzato;Inesistente
1856554;15;21/11/2010 03:25;Strada Urbana;VIA QUIRINO MAJORANA;da specificare;;;;PROSSIMITA'  FRONTE CIVICO 6;Veicolo in marcia contro veicoli in sosta;Rettilineo;Una carreggiata a doppio senso;Bagnato (umidità in atto);Asfaltata;Orizzontale;Nuvoloso;Scarso;Buona;Ore Diurne;0;0;0;2;;;-1;1;Autovettura privata;In marcia / fermata / arresto;Passeggero;F;Illeso;0;;Utilizzato;Inesistente
1856555;15;22/11/2010;Provinciale entro l'abitato;VIA PONTINA;da specificare;;;;PROSSIMITA' km. 14.400;Ribaltamento senza urto contro ostacolo fisso;Rettilineo;Più di due carreggiate;Bagnato (pioggia);Asfaltata;Assente;Pioggia in atto;Normale;Sufficiente;Inesistente;0;0;0;1;;;-1;1;Autovettura privata;In marcia / fermata / arresto;Conducente;M;Illeso;0;;Utilizzato;Inesistente
1856556;15;22/11/2010 07:00;Strada Urbana;VIADOTTO DELLA MAGLIANA;da specificare;;;;rampa accesso Newton dir. colli Portuensi;Veicolo in marcia contro ostacolo accidentale;Cavalcavia;Due carreggiate;Bagnato (umidità in atto);Asfaltata;Orizzontale;Nuvoloso;Normale;Sufficiente;Ore Diurne;0;0;0;2;;;-1;1;Autovettura privata;In marcia / fermata / arresto;Conducente;M;Illeso;0;;Utilizzato;Inesistente
1856556;15;22/11/2010 07:00;Strada Urbana;VIADOTTO DELLA MAGLIANA;da specificare;;;;rampa accesso Newton dir. colli Portuensi;Veicolo in marcia contro ostacolo accidentale;Cavalcavia;Due carreggiate;Bagnato (umidità in atto);Asfaltata;Orizzontale;Nuvoloso;Normale;Sufficiente;Ore Diurne;0;0;0;2;;;-1;1;Autovettura privata;In marcia / fermata / arresto;Passeggero;F;Illeso;0;;Utilizzato;Inesistente
1856557;15;22/11/2010 08:40;Strada Urbana;VIALE ISACCO NEWTON;da specificare;;;;senza numero civico;Tamponamento;Rettilineo;Due carreggiate;Bagnato (pioggia);Asfaltata;Verticale ed orizzontale;Pioggia in atto;Normale;Buona;Ore Diurne;1;0;0;3;;;-1;1;Autovettura privata;In marcia / fermata / arresto;Conducente;F;Rimandato;0;NON DECEDUTO;Utilizzato;Inesistente
1856557;15;22/11/2010 08:40;Strada Urbana;VIALE ISACCO NEWTON;da specificare;;;;senza numero civico;Tamponamento;Rettilineo;Due carreggiate;Bagnato (pioggia);Asfaltata;Verticale ed orizzontale;Pioggia in atto;Normale;Buona;Ore Diurne;1;0;0;3;;;-1;2;Autovettura privata;In marcia / fermata / arresto;Conducente;M;Illeso;0;;Utilizzato;Inesistente
1856557;15;22/11/2010 08:40;Strada Urbana;VIALE ISACCO NEWTON;da specificare;;;;senza numero civico;Tamponamento;Rettilineo;Due carreggiate;Bagnato (pioggia);Asfaltata;Verticale ed orizzontale;Pioggia in atto;Normale;Buona;Ore Diurne;1;0;0;3;;;-1;2;Autovettura privata;In marcia / fermata / arresto;Passeggero;F;Illeso;0;;Utilizzato;Inesistente
1856557;15;22/11/2010 08:40;Strada Urbana;VIALE ISACCO NEWTON;da specificare;;;;senza numero civico;Tamponamento;Rettilineo;Due carreggiate;Bagnato (pioggia);Asfaltata;Verticale ed orizzontale;Pioggia in atto;Normale;Buona;Ore Diurne;1;0;0;3;;;-1;2;Autovettura privata;In marcia / fermata / arresto;Passeggero;F;Illeso;0;;Utilizzato;Inesistente
1856558;15;22/11/2010 11:10;Strada Urbana;VIA ANTONIO PACINOTTI;in corrispondenza;;del civico n. ;25;;Scontro laterale fra veicoli in marcia;Rettilineo;Una carreggiata a doppio senso;Bagnato (umidità in atto);Asfaltata;Orizzontale;Nuvoloso;Intenso;Buona;Ore Diurne;0;0;0;4;;;-1;1;Autovettura di polizia;In marcia / fermata / arresto;Conducente;M;Illeso;0;;Non accertato;Inesistente
1856558;15;22/11/2010 11:10;Strada Urbana;VIA ANTONIO PACINOTTI;in corrispondenza;;del civico n. ;25;;Scontro laterale fra veicoli in marcia;Rettilineo;Una carreggiata a doppio senso;Bagnato (umidità in atto);Asfaltata;Orizzontale;Nuvoloso;Intenso;Buona;Ore Diurne;0;0;0;4;;;-1;1;Autovettura di polizia;In marcia / fermata / arresto;Passeggero;M;Illeso;0;;Non accertato;Inesistente
1856558;15;22/11/2010 11:10;Strada Urbana;VIA ANTONIO PACINOTTI;in corrispondenza;;del civico n. ;25;;Scontro laterale fra veicoli in marcia;Rettilineo;Una carreggiata a doppio senso;Bagnato (umidità in atto);Asfaltata;Orizzontale;Nuvoloso;Intenso;Buona;Ore Diurne;0;0;0;4;;;-1;2;Autocarro inferiore 35 q.;In marcia / fermata / arresto;Conducente;M;Illeso;0;;Utilizzato;Inesistente