Protocollo;Gruppo;DataOraIncidente;Localizzazione1;STRADA1;Localizzazione2;STRADA2;Strada02;Chilometrica;DaSpecificare;NaturaIncidente;particolaritastrade;TipoStrada;FondoStradale;Pavimentazione;Segnaletica;CondizioneAtmosferica;Traffico;Visibilita;Illuminazione;NUM_FERITI;NUM_RISERVATA;NUM_MORTI;NUM_ILLESI;Longitudine;Latitudine;Confermato;Progressivo;TipoVeicolo;StatoVeicolo;TipoPersona;Sesso;Tipolesione;Deceduto;DecedutoDopo;CinturaCascoUtilizzato;Airbag
1857323;10;30/11/2010 09:00;Strada Urbana;VIA VITTORIO RAGUSA;in prossimità;;del civico n. ;100;;Tamponamento;Curva senza visuale libera;Una carreggiata a senso unico di marcia;Bagnato (pioggia);Asfaltata;Verticale ed orizzontale;Pioggia in atto;Normale;Buona;Ore Diurne;0;0;0;2;;;-1;1;Autovettura privata;In marcia / fermata / arresto;Conducente;M;Illeso;0;;Non accertato;Inesistente
1857323;10;30/11/2010 09:00;Strada Urbana;VIA VITTORIO RAGUSA;in prossimità;;del civico n. ;100;;Tamponamento;Curva senza visuale libera;Una carreggiata a senso unico di marcia;Bagnato (pioggia);Asfaltata;Verticale ed orizzontale;Pioggia in atto;Normale;Buona;Ore Diurne;0;0;0;2;;;-1;2;Autovettura privata;In marcia / fermata / arresto;Conducente;M;Illeso;0;;Non accertato;Inesistente
1857324;10;30/11/2010 10:40;Statale entro l'abitato;VIA TUSCOLANA;da specificare;;;;fronte entrata Cinecittà Due dir. Rm centro;Tamponamento Multiplo;Rettilineo;Più di due carreggiate;Bagnato (pioggia);Asfaltata;Verticale ed orizzontale;Nuvoloso;Normale;Buona;Ore Diurne;3;0;0;0;;;-1;1;Autovettura privata;In marcia / fermata / arresto;Conducente;M;Rimandato;0;NON DECEDUTO;Non accertato;Inesploso
1857324;10;30/11/2010 10:40;Statale entro l'abitato;VIA TUSCOLANA;da specificare;;;;fronte entrata Cinecittà Due dir. Rm centro;Tamponamento Multiplo;Rettilineo;Più di due carreggiate;Bagnato (pioggia);Asfaltata;Verticale ed orizzontale;Nuvoloso;Normale;Buona;Ore Diurne;3;0;0;0;;;-1;2;Autovettura privata;In marcia / fermata / arresto;Conducente;F;Rimandato;0;NON DECEDUTO;Non accertato;Inesistente
1857324;10;30/11/2010 10:40;Statale entro l'abitato;VIA TUSCOLANA;da specificare;;;;fronte entrata Cinecittà Due dir. Rm centro;Tamponamento Multiplo;Rettilineo;Più di due carreggiate;Bagnato (pioggia);Asfaltata;Verticale ed orizzontale;Nuvoloso;Normale;Buona;Ore Diurne;3;0;0;0;;;-1;3;Autovettura privata;In marcia / fermata / arresto;Conducente;M;Rimandato;0;NON DECEDUTO;Non accertato;Inesploso
1857325;10;30/11/2010 14:30;Strada Urbana;VIALE BRUNO PELIZZI;da specificare;;;;rotatoria con via scintu;Scontro laterale fra veicoli in marcia;Curva a visuale libera;Una carreggiata a senso unico di marcia;Bagnato (pioggia);Asfaltata;Verticale ed orizzontale;Pioggia in atto;Normale;Sufficiente;Ore Diurne;0;0;0;2;;;-1;1;Autovettura privata;In marcia / fermata / arresto;Conducente;M;Illeso;0;;Non accertato;Inesistente
1857325;10;30/11/2010 14:30;Strada Urbana;VIALE BRUNO PELIZZI;da specificare;;;;rotatoria con via scintu;Scontro laterale fra veicoli in marcia;Curva a visuale libera;Una carreggiata a senso unico di marcia;Bagnato (pioggia);Asfaltata;Verticale ed orizzontale;Pioggia in atto;Normale;Sufficiente;Ore Diurne;0;0;0;2;;;-1;2;Autovettura privata;In marcia / fermata / arresto;Conducente;F;Illeso;0;;Non accertato;Inesistente
1857326;10;30/11/2010 14:30;Strada Urbana;VIA FRANCESCO BUONAMICI;in prossimità;;del civico n. ;8;;Veicolo in marcia contro veicolo in sosta;Rettilineo;Una carreggiata a doppio senso;Bagnato (pioggia);Asfaltata;Verticale ed orizzontale;Pioggia in atto;Scarso;Sufficiente;Ore Diurne;0;0;0;1;;;-1;2;Veicolo speciale;In marcia / fermata / arresto;Conducente;M;Illeso;0;;Non accertato;Inesistente
1857327;10;30/11/2010 17:45;Strada Urbana;VIA PONZIO COMINIO;all'intersezione con;VIA TARQUINIO COLLATINO;VIA TARQUINIO COLLATINO;;;Scontro frontale/laterale SX fra veicoli in marcia;Incrocio;Una carreggiata a senso unico di marcia;Bagnato (pioggia);Asfaltata;Verticale ed orizzontale;Pioggia in atto;Normale;Buona;Sufficiente;1;0;0;1;;;-1;1;Autovettura privata;In marcia / fermata / arresto;Conducente;M;Illeso;0;;Non accertato;Inesistente
1857327;10;30/11/2010 17:45;Strada Urbana;VIA PONZIO COMINIO;all'intersezione con;VIA TARQUINIO COLLATINO;VIA TARQUINIO COLLATINO;;;Scontro frontale/laterale SX fra veicoli in marcia;Incrocio;Una carreggiata a senso unico di marcia;Bagnato (pioggia);Asfaltata;Verticale ed orizzontale;Pioggia in atto;Normale;Buona;Sufficiente;1;0;0;1;;;-1;2;Autovettura privata;In marcia / fermata / arresto;Conducente;F;Rimandato;0;NON DECEDUTO;Non accertato;Inesistente
1857328;10;30/11/2010 18:00;Strada Urbana;VIALE JEAN PAUL SARTRE;all'intersezione con;VIA SANTO MAZZARINO;VIA SANTO MAZZARINO;;;Scontro laterale fra veicoli in marcia;Incrocio;Due carreggiate;Bagnato (pioggia);Asfaltata;Verticale ed orizzontale;Pioggia in atto;Normale;Sufficiente;Sufficiente;0;0;0;2;;;-1;1;Autovettura privata;In marcia / fermata / arresto;Conducente;F;Illeso;0;;Non accertato;Inesistente
1857328;10;30/11/2010 18:00;Strada Urbana;VIALE JEAN PAUL SARTRE;all'intersezione con;VIA SANTO MAZZARINO;VIA SANTO MAZZARINO;;;Scontro laterale fra veicoli in marcia;Incrocio;Due carreggiate;Bagnato (pioggia);Asfaltata;Verticale ed orizzontale;Pioggia in atto;Normale;Sufficiente;Sufficiente;0;0;0;2;;;-1;2;Autovettura privata;In marcia / fermata / arresto;Conducente;M;Illeso;0;;Non accertato;Inesploso
1857329;11;07/11/2010 09:30;Strada Urbana;VIA CRISTOFORO COLOMBO;all'intersezione semaforizzata con;VIA LAURENTINA;VIA LAURENTINA;;;Scontro laterale fra veicoli in marcia;Intersezione semaforizzata;Più di due carreggiate;Asciutto;Asfaltata;Verticale ed orizzontale;Sereno;Normale;Buona;Ore Diurne;0;0;0;4;;;-1;1;Autogru;In marcia / fermata / arresto;Conducente;M;Illeso;0;;Non accertato;Inesistente
1857329;11;07/11/2010 09:30;Strada Urbana;VIA CRISTOFORO COLOMBO;all'intersezione semaforizzata con;VIA LAURENTINA;VIA LAURENTINA;;;Scontro laterale fra veicoli in marcia;Intersezione semaforizzata;Più di due carreggiate;Asciutto;Asfaltata;Verticale ed orizzontale;Sereno;Normale;Buona;Ore Diurne;0;0;0;4;;;-1;1;Autogru;In marcia / fermata / arresto;Passeggero;M;Illeso;0;;Non accertato;Inesistente
1857329;11;07/11/2010 09:30;Strada Urbana;VIA CRISTOFORO COLOMBO;all'intersezione semaforizzata con;VIA LAURENTINA;VIA LAURENTINA;;;Scontro laterale fra veicoli in marcia;Intersezione semaforizzata;Più di due carreggiate;Asciutto;Asfaltata;Verticale ed orizzontale;Sereno;Normale;Buona;Ore Diurne;0;0;0;4;;;-1;2;Autovettura privata;In marcia / fermata / arresto;Conducente;M;Illeso;0;;Non accertato;Inesistente
1857329;11;07/11/2010 09:30;Strada Urbana;VIA CRISTOFORO COLOMBO;all'intersezione semaforizzata con;VIA LAURENTINA;VIA LAURENTINA;;;Scontro laterale fra veicoli in marcia;Intersezione semaforizzata;Più di due carreggiate;Asciutto;Asfaltata;Verticale ed orizzontale;Sereno;Normale;Buona;Ore Diurne;0;0;0;4;;;-1;2;Autovettura privata;In marcia / fermata / arresto;Passeggero;F;Illeso;0;;Non accertato;Inesistente
1857330;11;07/11/2010 15:00;Strada Urbana;VIA CRISTOFORO COLOMBO;in corrispondenza;;del palo luce n. ;48;;Veicolo in marcia contro ostacolo fisso;Rettilineo;Più di due carreggiate;Asciutto;Asfaltata;Verticale ed orizzontale;Nuvoloso;Normale;Buona;Ore Diurne;0;0;0;1;;;-1;1;Autovettura privata;In marcia / fermata / arresto;Conducente;M;Illeso;0;;Non accertato;Esploso
1857331;11;07/11/2010 22:00;Strada Urbana;VIA DI FIORANELLO;in prossimità;;del civico n. ;80;;Fuoriuscita dalla sede stradale;Curva senza visuale libera;Una carreggiata a doppio senso;Bagnato (umidità in atto);Asfaltata;Orizzontale;Nuvoloso;Scarso;Insufficiente;Inesistente;0;0;0;1;;;-1;1;Autovettura privata;In marcia / fermata / arresto;Conducente;M;Illeso;0;;Non accertato;Esploso
1857332;11;08/11/2010 00:45;Strada Urbana;VIA GABRIELLO CHIABRERA;all'intersezione con;VIA ANTONINO PIO;VIA ANTONINO PIO;;;Scontro frontale/laterale SX fra veicoli in marcia;Intersezione stradale segnalata;Due carreggiate;Bagnato (pioggia);Asfaltata;Verticale ed orizzontale;Pioggia in atto;Scarso;Buona;Sufficiente;0;0;0;3;;;-1;1;Autovettura privata;In marcia / fermata / arresto;Conducente;M;Illeso;0;;Non accertato;Inesistente
1857332;11;08/11/2010 00:45;Strada Urbana;VIA GABRIELLO CHIABRERA;all'intersezione con;VIA ANTONINO PIO;VIA ANTONINO PIO;;;Scontro frontale/laterale SX fra veicoli in marcia;Intersezione stradale segnalata;Due carreggiate;Bagnato (pioggia);Asfaltata;Verticale ed orizzontale;Pioggia in atto;Scarso;Buona;Sufficiente;0;0;0;3;;;-1;1;Autovettura privata;In marcia / fermata / arresto;Passeggero;F;Illeso;0;;Non accertato;Inesistente
1857332;11;08/11/2010 00:45;Strada Urbana;VIA GABRIELLO CHIABRERA;all'intersezione con;VIA ANTONINO PIO;VIA ANTONINO PIO;;;Scontro frontale/laterale SX fra veicoli in marcia;Intersezione stradale segnalata;Due carreggiate;Bagnato (pioggia);Asfaltata;Verticale ed orizzontale;Pioggia in atto;Scarso;Buona;Sufficiente;0;0;0;3;;;-1;2;Motociclo a solo;In marcia / fermata / arresto;Conducente;M;Illeso;0;;Non accertato;Inesistente
1857333;11;08/11/2010 07:50;Strada Urbana;VIA CRISTOFORO COLOMBO;da specificare;;;;carr. lat. dir. centro prox via Grotta Perfetta;Tamponamento;Rettilineo;Più di due carreggiate;Bagnato (pioggia);Asfaltata;Verticale ed orizzontale;Pioggia in atto;Normale;Buona;Ore Diurne;0;0;0;2;;;-1;1;Autovettura privata;In marcia / fermata / arresto;Conducente;F;Illeso;0;;Non accertato;Inesistente
1857333;11;08/11/2010 07:50;Strada Urbana;VIA CRISTOFORO COLOMBO;da specificare;;;;carr. lat. dir. centro prox via Grotta Perfetta;Tamponamento;Rettilineo;Più di due carreggiate;Bagnato (pioggia);Asfaltata;Verticale ed orizzontale;Pioggia in atto;Normale;Buona;Ore Diurne;0;0;0;2;;;-1;2;Autocarro inferiore 35 q.;In marcia / fermata / arresto;Conducente;M;Illeso;0;;Non accertato;Inesistente
1857334;11;08/11/2010 10:00;Strada Urbana;PIAZZA ALBANIA;da specificare;;;;fronte n. c. 13;Scontro frontale/laterale SX fra veicoli in marcia;Rettilineo;Più di due carreggiate;Bagnato (pioggia);Lastricata;Verticale ed orizzontale;Pioggia in atto;Normale;Buona;Ore Diurne;1;0;0;3;;;-1;1;Autovettura pubblica;In marcia / fermata / arresto;Conducente;M;Illeso;0;;Non accertato;Inesistente
1857334;11;08/11/2010 10:00;Strada Urbana;PIAZZA ALBANIA;da specificare;;;;fronte n. c. 13;Scontro frontale/laterale SX fra veicoli in marcia;Rettilineo;Più di due carreggiate;Bagnato (pioggia);Lastricata;Verticale ed orizzontale;Pioggia in atto;Normale;Buona;Ore Diurne;1;0;0;3;;;-1;1;Autovettura pubblica;In marcia / fermata / arresto;Passeggero;F;Illeso;0;;Non accertato;Inesistente
1857334;11;08/11/2010 10:00;Strada Urbana;PIAZZA ALBANIA;da specificare;;;;fronte n. c. 13;Scontro frontale/laterale SX fra veicoli in marcia;Rettilineo;Più di due carreggiate;Bagnato (pioggia);Lastricata;Verticale ed orizzontale;Pioggia in atto;Normale;Buona;Ore Diurne;1;0;0;3;;;-1;1;Autovettura pubblica;In marcia / fermata / arresto;Passeggero;F;Illeso;0;;Non accertato;Inesistente
1857334;11;08/11/2010 10:00;Strada Urbana;PIAZZA ALBANIA;da specificare;;;;fronte n. c. 13;Scontro frontale/laterale SX fra veicoli in marcia;Rettilineo;Più di due carreggiate;Bagnato (pioggia);Lastricata;Verticale ed orizzontale;Pioggia in atto;Normale;Buona;Ore Diurne;1;0;0;3;;;-1;2;Motociclo a solo;In marcia / fermata / arresto;Conducente;M;Rimandato;0;NON DECEDUTO;Non accertato;Inesistente
1857335;11;08/11/2010 17:15;Strada Urbana;VIA ARDEATINA;all'intersezione con;VIA GIULIO ARISTIDE SARTORIO;VIA GIULIO ARISTIDE SARTORIO;;;Scontro laterale fra veicoli in marcia;Intersezione stradale segnalata;Una carreggiata a doppio senso;Asciutto;Asfaltata;Verticale ed orizzontale;Nuvoloso;Intenso;Insufficiente;Insufficiente;1;0;0;1;;;-1;1;Motociclo a solo;In marcia / fermata / arresto;Conducente;M;Rimandato;0;NON DECEDUTO;Non accertato;Inesistente
1857335;11;08/11/2010 17:15;Strada Urbana;VIA ARDEATINA;all'intersezione con;VIA GIULIO ARISTIDE SARTORIO;VIA GIULIO ARISTIDE SARTORIO;;;Scontro laterale fra veicoli in marcia;Intersezione stradale segnalata;Una carreggiata a doppio senso;Asciutto;Asfaltata;Verticale ed orizzontale;Nuvoloso;Intenso;Insufficiente;Insufficiente;1;0;0;1;;;-1;2;Autovettura privata;In marcia / fermata / arresto;Conducente;M;Illeso;0;;Non accertato;Inesistente
1857336;11;09/11/2010 09:20;Strada Urbana;VIA DI GROTTA PERFETTA;in corrispondenza;;del civico n. ;549;;Tamponamento Multiplo;Rettilineo;Una carreggiata a doppio senso;Bagnato (pioggia);Asfaltata;Verticale ed orizzontale;Pioggia in atto;Normale;Buona;Ore Diurne;0;0;0;6;;;-1;1;Autovettura privata;In marcia / fermata / arresto;Conducente;F;Illeso;0;;Utilizzato;Inesploso
1857336;11;09/11/2010 09:20;Strada Urbana;VIA DI GROTTA PERFETTA;in corrispondenza;;del civico n. ;549;;Tamponamento Multiplo;Rettilineo;Una carreggiata a doppio senso;Bagnato (pioggia);Asfaltata;Verticale ed orizzontale;Pioggia in atto;Normale;Buona;Ore Diurne;0;0;0;6;;;-1;2;Autovettura privata;In marcia / fermata / arresto;Conducente;F;Illeso;0;;Utilizzato;Inesploso
1857336;11;09/11/2010 09:20;Strada Urbana;VIA DI GROTTA PERFETTA;in corrispondenza;;del civico n. ;549;;Tamponamento Multiplo;Rettilineo;Una carreggiata a doppio senso;Bagnato (pioggia);Asfaltata;Verticale ed orizzontale;Pioggia in atto;Normale;Buona;Ore Diurne;0;0;0;6;;;-1;2;Autovettura privata;In marcia / fermata / arresto;Passeggero;;Illeso;0;;Non accertato;Inesistente
1857336;11;09/11/2010 09:20;Strada Urbana;VIA DI GROTTA PERFETTA;in corrispondenza;;del civico n. ;549;;Tamponamento Multiplo;Rettilineo;Una carreggiata a doppio senso;Bagnato (pioggia);Asfaltata;Verticale ed orizzontale;Pioggia in atto;Normale;Buona;Ore Diurne;0;0;0;6;;;-1;3;Autovettura privata;In marcia / fermata / arresto;Conducente;M;Illeso;0;;Utilizzato;Inesploso
1857336;11;09/11/2010 09:20;Strada Urbana;VIA DI GROTTA PERFETTA;in corrispondenza;;del civico n. ;549;;Tamponamento Multiplo;Rettilineo;Una carreggiata a doppio senso;Bagnato (pioggia);Asfaltata;Verticale ed orizzontale;Pioggia in atto;Normale;Buona;Ore Diurne;0;0;0;6;;;-1;3;Autovettura privata;In marcia / fermata / arresto;Passeggero;F;Illeso;0;;Non accertato;Inesistente
1857336;11;09/11/2010 09:20;Strada Urbana;VIA DI GROTTA PERFETTA;in corrispondenza;;del civico n. ;549;;Tamponamento Multiplo;Rettilineo;Una carreggiata a doppio senso;Bagnato (pioggia);Asfaltata;Verticale ed orizzontale;Pioggia in atto;Normale;Buona;Ore Diurne;0;0;0;6;;;-1;4;Autovettura privata;In marcia / fermata / arresto;Conducente;M;Illeso;0;;Utilizzato;Inesploso
1857337;11;09/11/2010 12:15;Strada Urbana;VIALE DI S. PAOLO;da specificare;;;;prossimità BASILICA di S.PAOLO.;Tamponamento;Rettilineo;Due carreggiate;Bagnato (pioggia);Asfaltata;Verticale ed orizzontale;Nuvoloso;Normale;Buona;Ore Diurne;0;0;0;1;;;-1;1;Autovettura privata;In marcia / fermata / arresto;Conducente;F;Illeso;0;;Non accertato;Inesistente
1857338;11;09/11/2010 19:00;Strada Urbana;VIA SALVATORE DI GIACOMO;in prossimità;;del civico n. ;70;;Scontro laterale fra veicoli in marcia;Rettilineo;Due carreggiate;Asciutto;Asfaltata;Assente;Nuvoloso;Scarso;Buona;Sufficiente;0;0;0;2;;;-1;1;Autovettura privata;In marcia / fermata / arresto;Conducente;M;Illeso;0;;Non accertato;Inesploso
1857338;11;09/11/2010 19:00;Strada Urbana;VIA SALVATORE DI GIACOMO;in prossimità;;del civico n. ;70;;Scontro laterale fra veicoli in marcia;Rettilineo;Due carreggiate;Asciutto;Asfaltata;Assente;Nuvoloso;Scarso;Buona;Sufficiente;0;0;0;2;;;-1;2;Motociclo a solo;In marcia / fermata / arresto;Conducente;M;Illeso;0;;Utilizzato;Inesistente
1857340;13;28/11/2010 22:58;Strada Urbana;VIA DI ACILIA;in corrispondenza;;del civico n. ;250;;Veicolo in marcia contro ostacolo accidentale;Rettilineo;Una carreggiata a doppio senso;Bagnato (pioggia);Asfaltata;Assente;Pioggia in atto;Scarso;Buona;Sufficiente;0;0;0;2;;;-1;1;Autovettura privata;In marcia / fermata / arresto;Conducente;M;Illeso;0;;Utilizzato;Inesistente
1857340;13;28/11/2010 22:58;Strada Urbana;VIA DI ACILIA;in corrispondenza;;del civico n. ;250;;Veicolo in marcia contro ostacolo accidentale;Rettilineo;Una carreggiata a doppio senso;Bagnato (pioggia);Asfaltata;Assente;Pioggia in atto;Scarso;Buona;Sufficiente;0;0;0;2;;;-1;1;Autovettura privata;In marcia / fermata / arresto;Passeggero;M;Illeso;0;;Utilizzato;Inesistente
1857341;13;28/11/2010 18:05;Strada Urbana;VIA DI CASAL PALOCCO;da specificare;;;;in prossimità di VIA PRASSILLA;Veicolo in marcia contro ostacolo accidentale;Rettilineo;Due carreggiate;Bagnato (pioggia);Asfaltata;Verticale ed orizzontale;Pioggia in atto;Normale;Buona;Sufficiente;0;0;0;2;;;-1;1;Autovettura privata;In marcia / fermata / arresto;Conducente;M;Illeso;0;;Non accertato;Inesploso
1857341;13;28/11/2010 18:05;Strada Urbana;VIA DI CASAL PALOCCO;da specificare;;;;in prossimità di VIA PRASSILLA;Veicolo in marcia contro ostacolo accidentale;Rettilineo;Due carreggiate;Bagnato (pioggia);Asfaltata;Verticale ed orizzontale;Pioggia in atto;Normale;Buona;Sufficiente;0;0;0;2;;;-1;1;Autovettura privata;In marcia / fermata / arresto;Passeggero;F;Illeso;0;;Non accertato;Inesploso
1857342;13;28/11/2010 13:30;Strada Urbana;VIA MARCELLO PUCCI BONCAMBI;all'intersezione con;VIA FRANCESCO GRENET;VIA FRANCESCO GRENET;;;Scontro frontale/laterale SX fra veicoli in marcia;Incrocio;Una carreggiata a senso unico di marcia;Bagnato (pioggia);Asfaltata;Verticale ed orizzontale;Pioggia in atto;Normale;Buona;Ore Diurne;0;0;0;2;;;-1;1;Autovettura privata;In marcia / fermata / arresto;Conducente;M;Illeso;0;;Non accertato;Inesploso
1857342;13;28/11/2010 13:30;Strada Urbana;VIA MARCELLO PUCCI BONCAMBI;all'intersezione con;VIA FRANCESCO GRENET;VIA FRANCESCO GRENET;;;Scontro frontale/laterale SX fra veicoli in marcia;Incrocio;Una carreggiata a senso unico di marcia;Bagnato (pioggia);Asfaltata;Verticale ed orizzontale;Pioggia in atto;Normale;Buona;Ore Diurne;0;0;0;2;;;-1;2;Autovettura privata;In marcia / fermata / arresto;Conducente;M;Illeso;0;;Non accertato;Inesistente
1857343;13;28/11/2010 14:20;Strada Urbana;VIA DELL'APPAGLIATORE;all'intersezione con;VIA DELLE EBRIDI;VIA DELLE EBRIDI;;;Scontro frontale/laterale DX fra veicoli in marcia;Incrocio;Una carreggiata a doppio senso;Bagnato (pioggia);Asfaltata;Assente;Pioggia in atto;Normale;Buona;Ore Diurne;0;0;0;3;;;-1;1;Autovettura privata;In marcia / fermata / arresto;Conducente;M;Illeso;0;;Non accertato;Inesploso
1857343;13;28/11/2010 14:20;Strada Urbana;VIA DELL'APPAGLIATORE;all'intersezione con;VIA DELLE EBRIDI;VIA DELLE EBRIDI;;;Scontro frontale/laterale DX fra veicoli in marcia;Incrocio;Una carreggiata a doppio senso;Bagnato (pioggia);Asfaltata;Assente;Pioggia in atto;Normale;Buona;Ore Diurne;0;0;0;3;;;-1;1;Autovettura privata;In marcia / fermata / arresto;Passeggero;F;Illeso;0;;Non accertato;Inesploso
1857343;13;28/11/2010 14:20;Strada Urbana;VIA DELL'APPAGLIATORE;all'intersezione con;VIA DELLE EBRIDI;VIA DELLE EBRIDI;;;Scontro frontale/laterale DX fra veicoli in marcia;Incrocio;Una carreggiata a doppio senso;Bagnato (pioggia);Asfaltata;Assente;Pioggia in atto;Normale;Buona;Ore Diurne;0;0;0;3;;;-1;2;Autovettura privata;In marcia / fermata / arresto;Conducente;F;Illeso;0;;Non accertato;Inesistente
1857344;13;28/11/2010 20:30;Strada Urbana;VIA DI SAPONARA;all'intersezione semaforizzata con;VIA DOMENICO MORELLI;VIA DOMENICO MORELLI;;;Scontro frontale/laterale SX fra veicoli in marcia;Intersezione semaforizzata;Una carreggiata a doppio senso;Bagnato (pioggia);Asfaltata;Verticale ed orizzontale;Pioggia in atto;Normale;Sufficiente;Sufficiente;1;0;0;1;;;-1;1;Autovettura privata;In marcia / fermata / arresto;Conducente;M;Illeso;0;;Non accertato;Esploso
1857344;13;28/11/2010 20:30;Strada Urbana;VIA DI SAPONARA;all'intersezione semaforizzata con;VIA DOMENICO MORELLI;VIA DOMENICO MORELLI;;;Scontro frontale/laterale SX fra veicoli in marcia;Intersezione semaforizzata;Una carreggiata a doppio senso;Bagnato (pioggia);Asfaltata;Verticale ed orizzontale;Pioggia in atto;Normale;Sufficiente;Sufficiente;1;0;0;1;;;-1;2;Autovettura privata;In marcia / fermata / arresto;Conducente;F;Rimandato;0;NON DECEDUTO;Non accertato;Inesploso
1857345;13;28/11/2010 16:30;Strada Urbana;VIA GUIDO CALZA;da specificare;;;;alt. 1° curva dopo cancello Scavi Ostia Antica;Scontro laterale fra veicoli in marcia;Curva senza visuale libera;Una carreggiata a senso unico di marcia;Bagnato (pioggia);Asfaltata;Verticale ed orizzontale;Pioggia in atto;Normale;Sufficiente;Ore Diurne;0;0;0;5;;;-1;1;Autovettura privata;In marcia / fermata / arresto;Conducente;M;Illeso;0;;Non accertato;Inesploso
1857345;13;28/11/2010 16:30;Strada Urbana;VIA GUIDO CALZA;da specificare;;;;alt. 1° curva dopo cancello Scavi Ostia Antica;Scontro laterale fra veicoli in marcia;Curva senza visuale libera;Una carreggiata a senso unico di marcia;Bagnato (pioggia);Asfaltata;Verticale ed orizzontale;Pioggia in atto;Normale;Sufficiente;Ore Diurne;0;0;0;5;;;-1;2;Autovettura privata;In marcia / fermata / arresto;Conducente;F;Illeso;0;;Non accertato;Inesploso
1857345;13;28/11/2010 16:30;Strada Urbana;VIA GUIDO CALZA;da specificare;;;;alt. 1° curva dopo cancello Scavi Ostia Antica;Scontro laterale fra veicoli in marcia;Curva senza visuale libera;Una carreggiata a senso unico di marcia;Bagnato (pioggia);Asfaltata;Verticale ed orizzontale;Pioggia in atto;Normale;Sufficiente;Ore Diurne;0;0;0;5;;;-1;3;Autovettura privata;In marcia / fermata / arresto;Conducente;M;Illeso;0;;Non accertato;Inesploso
1857345;13;28/11/2010 16:30;Strada Urbana;VIA GUIDO CALZA;da specificare;;;;alt. 1° curva dopo cancello Scavi Ostia Antica;Scontro laterale fra veicoli in marcia;Curva senza visuale libera;Una carreggiata a senso unico di marcia;Bagnato (pioggia);Asfaltata;Verticale ed orizzontale;Pioggia in atto;Normale;Sufficiente;Ore Diurne;0;0;0;5;;;-1;3;Autovettura privata;In marcia / fermata / arresto;Passeggero;F;Illeso;0;;Non accertato;Inesploso
1857345;13;28/11/2010 16:30;Strada Urbana;VIA GUIDO CALZA;da specificare;;;;alt. 1° curva dopo cancello Scavi Ostia Antica;Scontro laterale fra veicoli in marcia;Curva senza visuale libera;Una carreggiata a senso unico di marcia;Bagnato (pioggia);Asfaltata;Verticale ed orizzontale;Pioggia in atto;Normale;Sufficiente;Ore Diurne;0;0;0;5;;;-1;3;Autovettura privata;In marcia / fermata / arresto;Passeggero;M;Illeso;0;;Non accertato;Inesploso
1857346;13;28/11/2010 09:30;Strada Urbana;VIA GUIDO CALZA;da specificare;;;;tratto curvilineo direzione Fiumicino (RM);Veicolo in marcia contro ostacolo fisso;Curva senza visuale libera;Una carreggiata a senso unico di marcia;Bagnato (umidità in atto);Asfaltata;Verticale ed orizzontale;Nuvoloso;Normale;Buona;Ore Diurne;0;0;0;1;;;-1;1;Autovettura privata;In marcia / fermata / arresto;Conducente;F;Illeso;0;;Non accertato;Inesploso
1857347;13;28/11/2010 09:50;Strada Urbana;VIALE DEI ROMAGNOLI;da specificare;;;;"altezza multisala ""CINELAND""";Scontro frontale fra veicoli in marcia;Curva a visuale libera;Una carreggiata a senso unico di marcia;Bagnato (pioggia);Asfaltata;Verticale ed orizzontale;Nuvoloso;Normale;Buona;Ore Diurne;1;0;0;0;;;-1;1;Motociclo a solo;In marcia / fermata / arresto;Conducente;M;Rimandato;0;NON DECEDUTO;Non accertato;Inesistente
1857348;13;28/11/2010 13:15;Strada Urbana;LUNGOMARE DUCA DEGLI ABRUZZI;da specificare;;;;prossimità VIA A. PASQUI;Veicolo in marcia contro veicolo fermo;Rettilineo;Una carreggiata a doppio senso;Bagnato (pioggia);Asfaltata;Verticale ed orizzontale;Pioggia in atto;Scarso;Buona;Ore Diurne;2;0;0;0;;;-1;1;Autovettura privata;In marcia / fermata / arresto;Conducente;M;Rimandato;0;NON DECEDUTO;Non accertato;Esploso
1857348;13;28/11/2010 13:15;Strada Urbana;LUNGOMARE DUCA DEGLI ABRUZZI;da specificare;;;;prossimità VIA A. PASQUI;Veicolo in marcia contro veicolo fermo;Rettilineo;Una carreggiata a doppio senso;Bagnato (pioggia);Asfaltata;Verticale ed orizzontale;Pioggia in atto;Scarso;Buona;Ore Diurne;2;0;0;0;;;-1;2;Autovettura privata;In marcia / fermata / arresto;Conducente;F;Rimandato;0;NON DECEDUTO;Non accertato;Inesistente
1857349;13;28/11/2010 23:00;Strada Urbana;VIA DELLE SIRENE;da specificare;;;;prossimità piazza Santa Monica;Veicolo in marcia contro ostacolo fisso;Rettilineo;Una carreggiata a doppio senso;Bagnato (pioggia);Asfaltata;Orizzontale;Pioggia in atto;Scarso;Insufficiente;Insufficiente;0;0;0;1;;;-1;1;Motociclo a solo;In marcia / fermata / arresto;Conducente;M;Illeso;0;;Non accertato;Inesistente