Protocollo;Gruppo;DataOraIncidente;Localizzazione1;STRADA1;Localizzazione2;STRADA2;Strada02;Chilometrica;DaSpecificare;NaturaIncidente;particolaritastrade;TipoStrada;FondoStradale;Pavimentazione;Segnaletica;CondizioneAtmosferica;Traffico;Visibilita;Illuminazione;NUM_FERITI;NUM_RISERVATA;NUM_MORTI;NUM_ILLESI;Longitudine;Latitudine;Confermato;Progressivo;TipoVeicolo;StatoVeicolo;TipoPersona;Sesso;Tipolesione;Deceduto;DecedutoDopo;CinturaCascoUtilizzato;Airbag
1861108;11;22/11/2010 07:15;Strada Urbana;VIA DELLE CONCE;in prossimità;;del civico n. ;3;;Tamponamento;Rettilineo;Una carreggiata a doppio senso;Bagnato (pioggia);Asfaltata;Verticale ed orizzontale;Nuvoloso;Normale;Buona;Ore Diurne;1;0;0;2;;;-1;1;Autovettura privata;In marcia / fermata / arresto;Passeggero;F;Illeso;0;;Utilizzato;Inesistente
1861108;11;22/11/2010 07:15;Strada Urbana;VIA DELLE CONCE;in prossimità;;del civico n. ;3;;Tamponamento;Rettilineo;Una carreggiata a doppio senso;Bagnato (pioggia);Asfaltata;Verticale ed orizzontale;Nuvoloso;Normale;Buona;Ore Diurne;1;0;0;2;;;-1;2;Velocipede;In marcia / fermata / arresto;Conducente;M;Rifiuta cure immediate;0;NON DECEDUTO;Utilizzato;Inesistente
1861110;17;24/11/2010 10:00;Strada Urbana;VIA DELLA CAMILLUCCIA;all'intersezione con;PIAZZA WALTER ROSSI;PIAZZA WALTER ROSSI;;;Scontro frontale fra veicoli in marcia;Incrocio;Una carreggiata a senso unico di marcia;Bagnato (umidità in atto);Asfaltata;Verticale ed orizzontale;Sereno;Normale;Buona;Ore Diurne;0;0;0;2;;;-1;1;Autovettura privata;In marcia / fermata / arresto;Conducente;;Illeso;0;;Non accertato;
1861110;17;24/11/2010 10:00;Strada Urbana;VIA DELLA CAMILLUCCIA;all'intersezione con;PIAZZA WALTER ROSSI;PIAZZA WALTER ROSSI;;;Scontro frontale fra veicoli in marcia;Incrocio;Una carreggiata a senso unico di marcia;Bagnato (umidità in atto);Asfaltata;Verticale ed orizzontale;Sereno;Normale;Buona;Ore Diurne;0;0;0;2;;;-1;2;Autovettura privata;In marcia / fermata / arresto;Conducente;F;Illeso;0;;Non accertato;
1861185;17;26/11/2010 07:50;Strada Urbana;VIA GIORGIO SCALIA;all'intersezione con;VIA RIALTO;VIA RIALTO;;;Scontro frontale/laterale DX fra veicoli in marcia;Incrocio;Una carreggiata a senso unico di marcia;Bagnato (pioggia);Asfaltata;Verticale ed orizzontale;Pioggia in atto;Normale;Buona;Ore Diurne;0;0;0;4;;;-1;1;Autovettura privata;In marcia / fermata / arresto;Conducente;M;Illeso;0;;Non accertato;Inesistente
1861185;17;26/11/2010 07:50;Strada Urbana;VIA GIORGIO SCALIA;all'intersezione con;VIA RIALTO;VIA RIALTO;;;Scontro frontale/laterale DX fra veicoli in marcia;Incrocio;Una carreggiata a senso unico di marcia;Bagnato (pioggia);Asfaltata;Verticale ed orizzontale;Pioggia in atto;Normale;Buona;Ore Diurne;0;0;0;4;;;-1;1;Autovettura privata;In marcia / fermata / arresto;Passeggero;F;Illeso;0;;Non accertato;Inesistente
1861185;17;26/11/2010 07:50;Strada Urbana;VIA GIORGIO SCALIA;all'intersezione con;VIA RIALTO;VIA RIALTO;;;Scontro frontale/laterale DX fra veicoli in marcia;Incrocio;Una carreggiata a senso unico di marcia;Bagnato (pioggia);Asfaltata;Verticale ed orizzontale;Pioggia in atto;Normale;Buona;Ore Diurne;0;0;0;4;;;-1;2;Autovettura privata;In marcia / fermata / arresto;Conducente;F;Illeso;0;;Non accertato;Inesistente
1861185;17;26/11/2010 07:50;Strada Urbana;VIA GIORGIO SCALIA;all'intersezione con;VIA RIALTO;VIA RIALTO;;;Scontro frontale/laterale DX fra veicoli in marcia;Incrocio;Una carreggiata a senso unico di marcia;Bagnato (pioggia);Asfaltata;Verticale ed orizzontale;Pioggia in atto;Normale;Buona;Ore Diurne;0;0;0;4;;;-1;2;Autovettura privata;In marcia / fermata / arresto;Passeggero;F;Illeso;0;;Non accertato;Inesistente
1861195;12;30/11/2010 20:10;Provinciale entro l'abitato;VIA PONTINA;da specificare;;;;50 MT. PRIMA DEL CAVALCAVIA DEL GRA;Veicolo in marcia contro ostacolo fisso;Rettilineo;Più di due carreggiate;Bagnato (pioggia);Asfaltata;Verticale ed orizzontale;Pioggia in atto;Normale;Sufficiente;Sufficiente;0;0;0;1;;;-1;1;Autovettura privata;In marcia / fermata / arresto;Conducente;M;Illeso;0;;Utilizzato;Inesploso
1861245;17;25/11/2010 08:25;Strada Urbana;VIALE GIOVANNI FALCONE E PAOLO BORSELLIN;all'intersezione semaforizzata con;PIAZZALE CLODIO;PIAZZALE CLODIO;;;Tamponamento;Incrocio;Due carreggiate;Bagnato (umidità in atto);Asfaltata;Verticale ed orizzontale;Sereno;Intenso;Buona;Ore Diurne;0;0;0;2;;;-1;1;Autovettura privata;In marcia / fermata / arresto;Conducente;M;Illeso;0;;Non accertato;
1861245;17;25/11/2010 08:25;Strada Urbana;VIALE GIOVANNI FALCONE E PAOLO BORSELLIN;all'intersezione semaforizzata con;PIAZZALE CLODIO;PIAZZALE CLODIO;;;Tamponamento;Incrocio;Due carreggiate;Bagnato (umidità in atto);Asfaltata;Verticale ed orizzontale;Sereno;Intenso;Buona;Ore Diurne;0;0;0;2;;;-1;2;Autovettura privata;In marcia / fermata / arresto;Conducente;M;Illeso;0;;Non accertato;
1861249;17;26/11/2010 03:30;Strada Urbana;LUNGOTEVERE DELLE NAVI;all'intersezione semaforizzata con;PONTE DEL RISORGIMENTO;PONTE DEL RISORGIMENTO;;;Veicolo in marcia contro ostacolo fisso;Incrocio;Una carreggiata a doppio senso;Bagnato (pioggia);Asfaltata;Verticale ed orizzontale;Pioggia in atto;Scarso;Buona;Sufficiente;0;0;0;2;;;-1;1;Autovettura privata;In marcia / fermata / arresto;Conducente;F;Illeso;0;;Non accertato;Esploso
1861249;17;26/11/2010 03:30;Strada Urbana;LUNGOTEVERE DELLE NAVI;all'intersezione semaforizzata con;PONTE DEL RISORGIMENTO;PONTE DEL RISORGIMENTO;;;Veicolo in marcia contro ostacolo fisso;Incrocio;Una carreggiata a doppio senso;Bagnato (pioggia);Asfaltata;Verticale ed orizzontale;Pioggia in atto;Scarso;Buona;Sufficiente;0;0;0;2;;;-1;1;Autovettura privata;In marcia / fermata / arresto;Passeggero;M;Illeso;0;;Non accertato;Esploso
1861267;5;15/11/2010 10:50;Strada Urbana;VIA TIBURTINA;da specificare;;;;altezza G.R.A.;Scontro laterale fra veicoli in marcia;Rettilineo;Una carreggiata a doppio senso;Asciutto;Asfaltata;Verticale ed orizzontale;Sereno;Intenso;Buona;Ore Diurne;0;0;0;2;;;-1;1;Autovettura privata;In marcia / fermata / arresto;Conducente;F;Illeso;0;;Non accertato;Inesploso
1861267;5;15/11/2010 10:50;Strada Urbana;VIA TIBURTINA;da specificare;;;;altezza G.R.A.;Scontro laterale fra veicoli in marcia;Rettilineo;Una carreggiata a doppio senso;Asciutto;Asfaltata;Verticale ed orizzontale;Sereno;Intenso;Buona;Ore Diurne;0;0;0;2;;;-1;2;Autocarro superiore 35 q.;In marcia / fermata / arresto;Conducente;M;Illeso;0;;Non accertato;Inesploso
1861299;17;26/11/2010 11:00;Strada Urbana;VIALE DEI CAVALIERI DI VITTORIO VENETO;da specificare;;;;in prossimità viadotto;Veicolo in marcia contro ostacolo fisso;Curva senza visuale libera;Una carreggiata a senso unico di marcia;Bagnato (pioggia);Asfaltata;Verticale ed orizzontale;Nuvoloso;Normale;Buona;Ore Diurne;0;0;0;1;;;-1;1;Autovettura privata;In marcia / fermata / arresto;Conducente;F;Illeso;0;;Non accertato;Inesploso
1861436;17;01/11/2010 17:30;Strada Urbana;VIA CRESCENZIO;all'intersezione con;VIA ORAZIO;VIA ORAZIO;;;Scontro frontale/laterale SX fra veicoli in marcia;Incrocio;Una carreggiata a doppio senso;Asciutto;Acciotolata;Verticale ed orizzontale;Nuvoloso;Normale;Buona;Ore Diurne;0;0;0;3;;;-1;1;Autovettura privata;In marcia / fermata / arresto;Conducente;F;Illeso;0;;Non accertato;Inesistente
1861436;17;01/11/2010 17:30;Strada Urbana;VIA CRESCENZIO;all'intersezione con;VIA ORAZIO;VIA ORAZIO;;;Scontro frontale/laterale SX fra veicoli in marcia;Incrocio;Una carreggiata a doppio senso;Asciutto;Acciotolata;Verticale ed orizzontale;Nuvoloso;Normale;Buona;Ore Diurne;0;0;0;3;;;-1;1;Autovettura privata;In marcia / fermata / arresto;Passeggero;F;Illeso;0;;Non accertato;Inesistente
1861436;17;01/11/2010 17:30;Strada Urbana;VIA CRESCENZIO;all'intersezione con;VIA ORAZIO;VIA ORAZIO;;;Scontro frontale/laterale SX fra veicoli in marcia;Incrocio;Una carreggiata a doppio senso;Asciutto;Acciotolata;Verticale ed orizzontale;Nuvoloso;Normale;Buona;Ore Diurne;0;0;0;3;;;-1;2;Ciclomotore;In marcia / fermata / arresto;Conducente;M;Illeso;0;;Non accertato;Inesistente
1861464;17;26/11/2010 18:15;Strada Urbana;LUNGOTEVERE PRATI;da specificare;;;;prossimità fronte civico 22;Ribaltamento senza urto contro ostacolo fisso;Rettilineo;Due carreggiate;Asciutto;Asfaltata;Verticale ed orizzontale;Sereno;Normale;Sufficiente;Sufficiente;0;0;0;2;;;-1;1;Autovettura privata;In marcia / fermata / arresto;Conducente;M;Illeso;0;;Non accertato;Inesploso
1861464;17;26/11/2010 18:15;Strada Urbana;LUNGOTEVERE PRATI;da specificare;;;;prossimità fronte civico 22;Ribaltamento senza urto contro ostacolo fisso;Rettilineo;Due carreggiate;Asciutto;Asfaltata;Verticale ed orizzontale;Sereno;Normale;Sufficiente;Sufficiente;0;0;0;2;;;-1;1;Autovettura privata;In marcia / fermata / arresto;Passeggero;F;Illeso;0;;Non accertato;Inesploso
1861481;11;22/11/2010 12:10;Strada Urbana;VIA DELL'ALMONE;da specificare;;;;fronte civ. 8;Tamponamento;Rettilineo;Una carreggiata a doppio senso;Bagnato (umidità in atto);Asfaltata;Orizzontale;Nuvoloso;Normale;Buona;Ore Diurne;1;0;0;4;;;-1;1;Autovettura privata;In marcia / fermata / arresto;Conducente;F;Illeso;0;;Utilizzato;Inesistente
1861481;11;22/11/2010 12:10;Strada Urbana;VIA DELL'ALMONE;da specificare;;;;fronte civ. 8;Tamponamento;Rettilineo;Una carreggiata a doppio senso;Bagnato (umidità in atto);Asfaltata;Orizzontale;Nuvoloso;Normale;Buona;Ore Diurne;1;0;0;4;;;-1;2;Autovettura privata;In marcia / fermata / arresto;Conducente;F;Illeso;0;;Utilizzato;Inesistente
1861481;11;22/11/2010 12:10;Strada Urbana;VIA DELL'ALMONE;da specificare;;;;fronte civ. 8;Tamponamento;Rettilineo;Una carreggiata a doppio senso;Bagnato (umidità in atto);Asfaltata;Orizzontale;Nuvoloso;Normale;Buona;Ore Diurne;1;0;0;4;;;-1;2;Autovettura privata;In marcia / fermata / arresto;Passeggero;M;Illeso;0;;Utilizzato;Inesistente
1861481;11;22/11/2010 12:10;Strada Urbana;VIA DELL'ALMONE;da specificare;;;;fronte civ. 8;Tamponamento;Rettilineo;Una carreggiata a doppio senso;Bagnato (umidità in atto);Asfaltata;Orizzontale;Nuvoloso;Normale;Buona;Ore Diurne;1;0;0;4;;;-1;2;Autovettura privata;In marcia / fermata / arresto;Passeggero;F;Rimandato;0;NON DECEDUTO;Utilizzato;Inesistente
1861481;11;22/11/2010 12:10;Strada Urbana;VIA DELL'ALMONE;da specificare;;;;fronte civ. 8;Tamponamento;Rettilineo;Una carreggiata a doppio senso;Bagnato (umidità in atto);Asfaltata;Orizzontale;Nuvoloso;Normale;Buona;Ore Diurne;1;0;0;4;;;-1;3;Autovettura privata;In marcia / fermata / arresto;Conducente;F;Illeso;0;;Utilizzato;Inesistente
1861532;17;10/11/2010 11:30;Strada Urbana;VIALE GIULIO CESARE;all'intersezione con;VIA PAOLO EMILIO;VIA PAOLO EMILIO;;;Veicolo in marcia contro veicolo fermo;Incrocio;Due carreggiate;Asciutto;Asfaltata;Verticale ed orizzontale;Sereno;Scarso;Buona;Ore Diurne;0;0;0;1;;;-1;1;Autovettura privata;In marcia / fermata / arresto;Conducente;F;Illeso;0;;Non accertato;Inesistente
1861555;16;27/11/2010 23:00;Strada Urbana;VIA FRANCESCO MASSI;in prossimità;;del civico n. ;18/20;;Veicolo in marcia contro veicolo fermo;Rettilineo;Una carreggiata a doppio senso;Bagnato (pioggia);Acciotolata;Assente;Pioggia in atto;Scarso;Buona;Sufficiente;0;0;0;5;;;-1;1;Autovettura privata;In marcia / fermata / arresto;Conducente;M;Illeso;0;;Non accertato;Inesploso
1861555;16;27/11/2010 23:00;Strada Urbana;VIA FRANCESCO MASSI;in prossimità;;del civico n. ;18/20;;Veicolo in marcia contro veicolo fermo;Rettilineo;Una carreggiata a doppio senso;Bagnato (pioggia);Acciotolata;Assente;Pioggia in atto;Scarso;Buona;Sufficiente;0;0;0;5;;;-1;1;Autovettura privata;In marcia / fermata / arresto;Passeggero;M;Illeso;0;;Non accertato;Inesploso
1861555;16;27/11/2010 23:00;Strada Urbana;VIA FRANCESCO MASSI;in prossimità;;del civico n. ;18/20;;Veicolo in marcia contro veicolo fermo;Rettilineo;Una carreggiata a doppio senso;Bagnato (pioggia);Acciotolata;Assente;Pioggia in atto;Scarso;Buona;Sufficiente;0;0;0;5;;;-1;1;Autovettura privata;In marcia / fermata / arresto;Passeggero;F;Illeso;0;;Non accertato;Inesploso
1861555;16;27/11/2010 23:00;Strada Urbana;VIA FRANCESCO MASSI;in prossimità;;del civico n. ;18/20;;Veicolo in marcia contro veicolo fermo;Rettilineo;Una carreggiata a doppio senso;Bagnato (pioggia);Acciotolata;Assente;Pioggia in atto;Scarso;Buona;Sufficiente;0;0;0;5;;;-1;1;Autovettura privata;In marcia / fermata / arresto;Passeggero;F;Illeso;0;;Non accertato;Inesploso
1861555;16;27/11/2010 23:00;Strada Urbana;VIA FRANCESCO MASSI;in prossimità;;del civico n. ;18/20;;Veicolo in marcia contro veicolo fermo;Rettilineo;Una carreggiata a doppio senso;Bagnato (pioggia);Acciotolata;Assente;Pioggia in atto;Scarso;Buona;Sufficiente;0;0;0;5;;;-1;2;Autovettura privata;In marcia / fermata / arresto;Conducente;F;Illeso;0;;Non accertato;Inesploso
1861573;11;22/11/2010 15:00;Strada Urbana;VIA PADRE SEMERIA;all'intersezione con;VIA CRISTOFORO COLOMBO;VIA CRISTOFORO COLOMBO;;;Scontro laterale fra veicoli in marcia;Incrocio;Una carreggiata a senso unico di marcia;Bagnato (pioggia);Asfaltata;Verticale;Pioggia in atto;Normale;Buona;Ore Diurne;1;0;0;1;;;-1;1;Autovettura privata;In marcia / fermata / arresto;Conducente;M;Rifiuta cure immediate;0;NON DECEDUTO;Utilizzato;Inesistente
1861573;11;22/11/2010 15:00;Strada Urbana;VIA PADRE SEMERIA;all'intersezione con;VIA CRISTOFORO COLOMBO;VIA CRISTOFORO COLOMBO;;;Scontro laterale fra veicoli in marcia;Incrocio;Una carreggiata a senso unico di marcia;Bagnato (pioggia);Asfaltata;Verticale;Pioggia in atto;Normale;Buona;Ore Diurne;1;0;0;1;;;-1;2;Autovettura privata;In marcia / fermata / arresto;Conducente;F;Illeso;0;;Utilizzato;Inesistente
1861636;17;29/11/2010 14:35;Strada Urbana;VIA SABOTINO;all'intersezione con;VIA MONTE SANTO;VIA MONTE SANTO;;;Scontro frontale/laterale DX fra veicoli in marcia;Incrocio;Due carreggiate;Asciutto;Asfaltata;Verticale ed orizzontale;Nuvoloso;Normale;Buona;Ore Diurne;0;0;0;2;;;-1;1;Autoveicolo trasp.promisc.;In marcia / fermata / arresto;Conducente;F;Illeso;0;;Non accertato;Inesistente
1861636;17;29/11/2010 14:35;Strada Urbana;VIA SABOTINO;all'intersezione con;VIA MONTE SANTO;VIA MONTE SANTO;;;Scontro frontale/laterale DX fra veicoli in marcia;Incrocio;Due carreggiate;Asciutto;Asfaltata;Verticale ed orizzontale;Nuvoloso;Normale;Buona;Ore Diurne;0;0;0;2;;;-1;2;Autovettura privata;In marcia / fermata / arresto;Conducente;F;Illeso;0;;Non accertato;Inesistente
1861691;5;17/11/2010 19:10;Strada Urbana;VIA DI GROTTA DI GREGNA;in prossimità;;del civico n. ;60;;Tamponamento;Rettilineo;Due carreggiate;Asciutto;Asfaltata;Orizzontale;Sereno;Normale;Sufficiente;Sufficiente;0;0;0;2;;;-1;1;Autovettura privata;In marcia / fermata / arresto;Conducente;M;Illeso;0;;Non accertato;Inesistente
1861691;5;17/11/2010 19:10;Strada Urbana;VIA DI GROTTA DI GREGNA;in prossimità;;del civico n. ;60;;Tamponamento;Rettilineo;Due carreggiate;Asciutto;Asfaltata;Orizzontale;Sereno;Normale;Sufficiente;Sufficiente;0;0;0;2;;;-1;1;Autovettura privata;In marcia / fermata / arresto;Passeggero;M;Illeso;0;;Non accertato;Inesistente
1861695;5;22/11/2010 13:20;Strada Urbana;VIALE PALMIRO TOGLIATTI;all'intersezione con;LARGO ANTONIO BELTRAMELLI;LARGO ANTONIO BELTRAMELLI;;;Scontro laterale fra veicoli in marcia;Incrocio;Due carreggiate;Bagnato (umidità in atto);Asfaltata;Verticale ed orizzontale;Nuvoloso;Normale;Buona;Ore Diurne;0;0;0;2;;;-1;1;Autovettura privata;In marcia / fermata / arresto;Conducente;F;Illeso;0;;Non accertato;Inesistente
1861695;5;22/11/2010 13:20;Strada Urbana;VIALE PALMIRO TOGLIATTI;all'intersezione con;LARGO ANTONIO BELTRAMELLI;LARGO ANTONIO BELTRAMELLI;;;Scontro laterale fra veicoli in marcia;Incrocio;Due carreggiate;Bagnato (umidità in atto);Asfaltata;Verticale ed orizzontale;Nuvoloso;Normale;Buona;Ore Diurne;0;0;0;2;;;-1;2;Autobus di linea;In marcia / fermata / arresto;Conducente;M;Illeso;0;;Non accertato;Inesistente
1861700;17;23/11/2010 19:45;Strada Urbana;LUNGOTEVERE DELLA VITTORIA;in prossimità;;del civico n. ;11;;Scontro laterale fra veicoli in marcia;Rettilineo;Una carreggiata a doppio senso;Asciutto;Asfaltata;Verticale ed orizzontale;Nuvoloso;Normale;Sufficiente;Sufficiente;0;0;0;3;;;-1;1;Autocarro inferiore 35 q.;In marcia / fermata / arresto;Conducente;;Illeso;0;;Non accertato;Inesploso
1861700;17;23/11/2010 19:45;Strada Urbana;LUNGOTEVERE DELLA VITTORIA;in prossimità;;del civico n. ;11;;Scontro laterale fra veicoli in marcia;Rettilineo;Una carreggiata a doppio senso;Asciutto;Asfaltata;Verticale ed orizzontale;Nuvoloso;Normale;Sufficiente;Sufficiente;0;0;0;3;;;-1;2;Autovettura privata;In marcia / fermata / arresto;Conducente;M;Illeso;0;;Utilizzato;Inesistente
1861700;17;23/11/2010 19:45;Strada Urbana;LUNGOTEVERE DELLA VITTORIA;in prossimità;;del civico n. ;11;;Scontro laterale fra veicoli in marcia;Rettilineo;Una carreggiata a doppio senso;Asciutto;Asfaltata;Verticale ed orizzontale;Nuvoloso;Normale;Sufficiente;Sufficiente;0;0;0;3;;;-1;2;Autovettura privata;In marcia / fermata / arresto;Passeggero;M;Illeso;0;;Non accertato;Inesistente
1861703;11;24/11/2010 13:05;Strada Urbana;VIA GIACINTO PULLINO;da specificare;;;;prossimità VIA BADOERO.;Scontro frontale/laterale DX fra veicoli in marcia;Rettilineo;Una carreggiata a doppio senso;Asciutto;Asfaltata;Verticale ed orizzontale;Sereno;Normale;Buona;Ore Diurne;1;0;0;2;;;-1;1;Autovettura privata;In marcia / fermata / arresto;Conducente;F;Illeso;0;;Non accertato;Inesistente
1861703;11;24/11/2010 13:05;Strada Urbana;VIA GIACINTO PULLINO;da specificare;;;;prossimità VIA BADOERO.;Scontro frontale/laterale DX fra veicoli in marcia;Rettilineo;Una carreggiata a doppio senso;Asciutto;Asfaltata;Verticale ed orizzontale;Sereno;Normale;Buona;Ore Diurne;1;0;0;2;;;-1;2;Autovettura privata;In marcia / fermata / arresto;Conducente;F;Rifiuta cure immediate;0;NON DECEDUTO;Non accertato;Inesistente
1861703;11;24/11/2010 13:05;Strada Urbana;VIA GIACINTO PULLINO;da specificare;;;;prossimità VIA BADOERO.;Scontro frontale/laterale DX fra veicoli in marcia;Rettilineo;Una carreggiata a doppio senso;Asciutto;Asfaltata;Verticale ed orizzontale;Sereno;Normale;Buona;Ore Diurne;1;0;0;2;;;-1;3;Autovettura privata;In marcia / fermata / arresto;Conducente;M;Illeso;0;;Non accertato;Inesistente
1861706;17;27/11/2010 11:30;Strada Urbana;VIALE DEI GLADIATORI;da specificare;;;;in prossimità di Via Prato Falcone;Scontro laterale fra veicoli in marcia;Rettilineo;Una carreggiata a senso unico di marcia;Asciutto;Asfaltata;Orizzontale;Sereno;Scarso;Buona;Ore Diurne;0;0;0;2;;;-1;1;Motociclo a solo;In marcia / fermata / arresto;Conducente;M;Illeso;0;;Non accertato;Inesistente
1861706;17;27/11/2010 11:30;Strada Urbana;VIALE DEI GLADIATORI;da specificare;;;;in prossimità di Via Prato Falcone;Scontro laterale fra veicoli in marcia;Rettilineo;Una carreggiata a senso unico di marcia;Asciutto;Asfaltata;Orizzontale;Sereno;Scarso;Buona;Ore Diurne;0;0;0;2;;;-1;1;Motociclo a solo;In marcia / fermata / arresto;Passeggero;F;Illeso;0;;Non accertato;Inesistente
1861707;5;17/11/2010 07:45;Strada Urbana;VIA TIBURTINA;da specificare;;;;rampa deflusso GRA;Scontro laterale fra veicoli in marcia;Rettilineo;Una carreggiata a senso unico di marcia;Asciutto;Asfaltata;Verticale ed orizzontale;Nuvoloso;Intenso;Buona;Ore Diurne;0;0;0;1;;;-1;1;Autovettura privata;In marcia / fermata / arresto;Conducente;M;Illeso;0;;Non accertato;Inesistente
1861713;17;28/11/2010 05:20;Strada Urbana;VIALE VATICANO;in prossimità;;del civico n. ;91;;Veicolo in marcia contro ostacolo fisso;Curva a visuale libera;Una carreggiata a doppio senso;Bagnato (pioggia);Asfaltata;Verticale ed orizzontale;Pioggia in atto;Scarso;Sufficiente;Sufficiente;0;0;0;1;;;-1;1;Autovettura privata;In marcia / fermata / arresto;Conducente;M;Illeso;0;;Non accertato;Inesistente
1861715;11;24/11/2010 08:15;Strada Urbana;VIA DI GROTTA PERFETTA;da specificare;;;;prossimità VIA SHAW direzione Via Berto.;Tamponamento Multiplo;Rettilineo;Una carreggiata a doppio senso;Asciutto;Asfaltata;Orizzontale;Sereno;Intenso;Buona;Ore Diurne;2;0;0;1;;;-1;1;Autovettura privata;In marcia / fermata / arresto;Conducente;F;Rifiuta cure immediate;0;NON DECEDUTO;Non accertato;Inesploso
1861715;11;24/11/2010 08:15;Strada Urbana;VIA DI GROTTA PERFETTA;da specificare;;;;prossimità VIA SHAW direzione Via Berto.;Tamponamento Multiplo;Rettilineo;Una carreggiata a doppio senso;Asciutto;Asfaltata;Orizzontale;Sereno;Intenso;Buona;Ore Diurne;2;0;0;1;;;-1;2;Autovettura privata;In marcia / fermata / arresto;Conducente;F;Illeso;0;;Non accertato;Inesistente
1861715;11;24/11/2010 08:15;Strada Urbana;VIA DI GROTTA PERFETTA;da specificare;;;;prossimità VIA SHAW direzione Via Berto.;Tamponamento Multiplo;Rettilineo;Una carreggiata a doppio senso;Asciutto;Asfaltata;Orizzontale;Sereno;Intenso;Buona;Ore Diurne;2;0;0;1;;;-1;3;Autovettura privata;In marcia / fermata / arresto;Conducente;F;Rifiuta cure immediate;0;NON DECEDUTO;Non accertato;Inesistente
1861723;5;03/11/2010 14:50;Strada Urbana;VIA CARLO SPEGAZZINI;da specificare;;;;ALT. VIA BUCCO;Scontro frontale/laterale DX fra veicoli in marcia;Rettilineo;Una carreggiata a doppio senso;Asciutto;Asfaltata;Verticale ed orizzontale;Sereno;Normale;Buona;Ore Diurne;0;0;0;2;;;-1;1;Autovettura privata;In marcia / fermata / arresto;Conducente;F;Illeso;0;;Non accertato;Inesistente
1861723;5;03/11/2010 14:50;Strada Urbana;VIA CARLO SPEGAZZINI;da specificare;;;;ALT. VIA BUCCO;Scontro frontale/laterale DX fra veicoli in marcia;Rettilineo;Una carreggiata a doppio senso;Asciutto;Asfaltata;Verticale ed orizzontale;Sereno;Normale;Buona;Ore Diurne;0;0;0;2;;;-1;2;Motociclo a solo;In marcia / fermata / arresto;Conducente;M;Illeso;0;;Non accertato;Inesistente
1861807;17;29/11/2010 12:45;Strada Urbana;VIA LEONE IV;in prossimità;;del civico n. ;38;;Tamponamento;Rettilineo;Una carreggiata a doppio senso;Asciutto;Asfaltata;Verticale ed orizzontale;Nuvoloso;Normale;Buona;Ore Diurne;1;0;0;1;;;-1;1;Motociclo a solo;In marcia / fermata / arresto;Conducente;M;Rifiuta cure immediate;0;NON DECEDUTO;Non accertato;Inesistente
1861807;17;29/11/2010 12:45;Strada Urbana;VIA LEONE IV;in prossimità;;del civico n. ;38;;Tamponamento;Rettilineo;Una carreggiata a doppio senso;Asciutto;Asfaltata;Verticale ed orizzontale;Nuvoloso;Normale;Buona;Ore Diurne;1;0;0;1;;;-1;2;Autobus urbano;In marcia / fermata / arresto;Conducente;M;Illeso;0;;Non accertato;Inesistente
1861811;11;25/11/2010 17:30;Strada Urbana;VIA ANDREA DI BONAIUTO;da specificare;;;;altezza VIA PISANO.;Investimento di pedone;Rettilineo;Una carreggiata a doppio senso;Bagnato (pioggia);Asfaltata;Verticale ed orizzontale;Nuvoloso;Normale;Sufficiente;Sufficiente;1;0;0;2;;;-1;;;;Pedone;F;Rimandato;0;NON DECEDUTO;;
1861811;11;25/11/2010 17:30;Strada Urbana;VIA ANDREA DI BONAIUTO;da specificare;;;;altezza VIA PISANO.;Investimento di pedone;Rettilineo;Una carreggiata a doppio senso;Bagnato (pioggia);Asfaltata;Verticale ed orizzontale;Nuvoloso;Normale;Sufficiente;Sufficiente;1;0;0;2;;;-1;1;Autovettura privata;In marcia / fermata / arresto;Conducente;M;Illeso;0;;Utilizzato;Inesploso
1861811;11;25/11/2010 17:30;Strada Urbana;VIA ANDREA DI BONAIUTO;da specificare;;;;altezza VIA PISANO.;Investimento di pedone;Rettilineo;Una carreggiata a doppio senso;Bagnato (pioggia);Asfaltata;Verticale ed orizzontale;Nuvoloso;Normale;Sufficiente;Sufficiente;1;0;0;2;;;-1;1;Autovettura privata;In marcia / fermata / arresto;Passeggero;;Illeso;0;;Non accertato;Inesploso
1861816;11;25/11/2010 15:00;Strada Urbana;LARGO ANGELO FOCHETTI;da specificare;;;;fronte civico 30;Veicolo in marcia contro veicolo in sosta;Rettilineo;Una carreggiata a senso unico di marcia;Bagnato (pioggia);Asfaltata;Verticale ed orizzontale;Nuvoloso;Normale;Buona;Ore Diurne;0;0;0;1;;;-1;2;Autovettura privata;In marcia / fermata / arresto;Conducente;M;Illeso;0;;Non accertato;Inesploso
1861963;5;11/11/2010 14:10;Strada Urbana;VIA DEI MONTI TIBURTINI;all'intersezione semaforizzata con;VIA CARLO AMORETTI;VIA CARLO AMORETTI;;;Scontro laterale fra veicoli in marcia;Intersezione semaforizzata;Due carreggiate;Bagnato (umidità in atto);Asfaltata;Verticale ed orizzontale;Sereno;Normale;Sufficiente;Ore Diurne;0;0;0;3;;;-1;1;Autovettura privata;In marcia / fermata / arresto;Conducente;F;Illeso;0;;Non accertato;Inesistente